-- phpMyAdmin SQL Dump
-- version 4.8.5
-- https://www.phpmyadmin.net/
--
-- Servidor: 127.0.0.1
-- Tiempo de generación: 27-11-2019 a las 03:32:07
-- Versión del servidor: 10.1.38-MariaDB
-- Versión de PHP: 7.3.2

SET SQL_MODE = "NO_AUTO_VALUE_ON_ZERO";
SET AUTOCOMMIT = 0;
START TRANSACTION;
SET time_zone = "+00:00";


/*!40101 SET @OLD_CHARACTER_SET_CLIENT=@@CHARACTER_SET_CLIENT */;
/*!40101 SET @OLD_CHARACTER_SET_RESULTS=@@CHARACTER_SET_RESULTS */;
/*!40101 SET @OLD_COLLATION_CONNECTION=@@COLLATION_CONNECTION */;
/*!40101 SET NAMES utf8mb4 */;

--
-- Base de datos: `gestion`
--

-- --------------------------------------------------------

--
-- Estructura de tabla para la tabla `agenda`
--

CREATE TABLE `agenda` (
  `agenda_id` int(11) NOT NULL,
  `usu_id` int(11) DEFAULT NULL,
  `agenda_descripcion` varchar(255) DEFAULT NULL,
  `agenda_estado` int(255) DEFAULT '1',
  `agenda_fecha` date DEFAULT NULL,
  `agenda_lugar` varchar(255) DEFAULT NULL,
  `agenda_fecha_regreso` date DEFAULT NULL
) ENGINE=InnoDB DEFAULT CHARSET=latin1 ROW_FORMAT=COMPACT;

-- --------------------------------------------------------

--
-- Estructura de tabla para la tabla `carousel`
--

CREATE TABLE `carousel` (
  `carousel_id` int(11) NOT NULL,
  `carousel_nombre` varchar(255) DEFAULT NULL,
  `carousel_estado` int(255) DEFAULT '1'
) ENGINE=InnoDB DEFAULT CHARSET=latin1 ROW_FORMAT=COMPACT;

--
-- Volcado de datos para la tabla `carousel`
--

INSERT INTO `carousel` (`carousel_id`, `carousel_nombre`, `carousel_estado`) VALUES
(1, '1.JPG', 1),
(2, '2.JPG', 1),
(3, '3.JPG', 1),
(4, '4.JPG', 1),
(5, '5.JPG', 1),
(6, '6.JPG', 1),
(7, '7.JPG', 1);

-- --------------------------------------------------------

--
-- Estructura de tabla para la tabla `clasificacion`
--

CREATE TABLE `clasificacion` (
  `clasificacion_id` int(11) NOT NULL,
  `clasificacion_descripcion` varchar(255) DEFAULT NULL,
  `clasificaicon_estado` int(255) DEFAULT '1'
) ENGINE=InnoDB DEFAULT CHARSET=latin1 ROW_FORMAT=DYNAMIC;

--
-- Volcado de datos para la tabla `clasificacion`
--

INSERT INTO `clasificacion` (`clasificacion_id`, `clasificacion_descripcion`, `clasificaicon_estado`) VALUES
(1, 'Hoja seca', 1),
(2, 'Polvo', 1),
(3, 'Extractos ADN', 1),
(4, 'Herborizado', 1);

-- --------------------------------------------------------

--
-- Estructura de tabla para la tabla `clasificacion_herborizacion`
--

CREATE TABLE `clasificacion_herborizacion` (
  `clasificacion_id` int(255) NOT NULL,
  `herborizacion_id` int(255) NOT NULL,
  `clasificacion_herborizacion_descripcion` varchar(255) DEFAULT NULL
) ENGINE=InnoDB DEFAULT CHARSET=latin1 ROW_FORMAT=DYNAMIC;

-- --------------------------------------------------------

--
-- Estructura de tabla para la tabla `congeambiente`
--

CREATE TABLE `congeambiente` (
  `congeambiente_id` int(11) NOT NULL,
  `congeambiente_descripcion` varchar(255) DEFAULT NULL,
  `congeambiente_estado` int(255) DEFAULT '1',
  `congeambiente_abreviado` varchar(255) DEFAULT NULL
) ENGINE=InnoDB DEFAULT CHARSET=latin1 ROW_FORMAT=DYNAMIC;

--
-- Volcado de datos para la tabla `congeambiente`
--

INSERT INTO `congeambiente` (`congeambiente_id`, `congeambiente_descripcion`, `congeambiente_estado`, `congeambiente_abreviado`) VALUES
(1, 'Congelacion', 1, 'C'),
(2, 'Ambiente', 1, 'A');

-- --------------------------------------------------------

--
-- Estructura de tabla para la tabla `departamento`
--

CREATE TABLE `departamento` (
  `id_departamento` int(11) NOT NULL,
  `descripcion` varchar(255) DEFAULT NULL,
  `observacion` varchar(255) DEFAULT NULL,
  `estado` int(11) DEFAULT '1'
) ENGINE=InnoDB DEFAULT CHARSET=latin1 ROW_FORMAT=DYNAMIC;

--
-- Volcado de datos para la tabla `departamento`
--

INSERT INTO `departamento` (`id_departamento`, `descripcion`, `observacion`, `estado`) VALUES
(1, 'AMAZONAS', NULL, 1),
(2, 'ANCASH', NULL, 1),
(3, 'APURIMAC', NULL, 1),
(4, 'AREQUIPA', NULL, 1),
(5, 'AYACUCHO', NULL, 1),
(6, 'CAJAMARCA', NULL, 1),
(7, 'CALLAO', NULL, 1),
(8, 'CUSCO', NULL, 1),
(9, 'HUANCAVELICA', NULL, 1),
(10, 'HUANUCO', NULL, 1),
(11, 'ICA', NULL, 1),
(12, 'JUNIN', NULL, 1),
(13, 'LA LIBERTAD', NULL, 1),
(14, 'LAMBAYEQUE', NULL, 1),
(15, 'LIMA', NULL, 1),
(16, 'LORETO', NULL, 1),
(17, 'MADRE DE DIOS', NULL, 1),
(18, 'MOQUEGUA', NULL, 1),
(19, 'PASCO', NULL, 1),
(20, 'PIURA', NULL, 1),
(21, 'PUNO', NULL, 1),
(22, 'SAN MARTIN', NULL, 1),
(23, 'TACNA', NULL, 1),
(24, 'TUMBES', NULL, 1),
(25, 'UCAYALI', NULL, 1);

-- --------------------------------------------------------

--
-- Estructura de tabla para la tabla `distrito`
--

CREATE TABLE `distrito` (
  `id_distrito` int(11) NOT NULL,
  `descripcion` varchar(255) DEFAULT NULL,
  `observacion` varchar(255) DEFAULT NULL,
  `id_provincia` int(11) DEFAULT NULL,
  `estado` int(11) DEFAULT '1'
) ENGINE=InnoDB DEFAULT CHARSET=latin1 ROW_FORMAT=DYNAMIC;

--
-- Volcado de datos para la tabla `distrito`
--

INSERT INTO `distrito` (`id_distrito`, `descripcion`, `observacion`, `id_provincia`, `estado`) VALUES
(1, 'CHACHAPOYAS', NULL, 1, 1),
(2, 'ASUNCION', NULL, 1, 1),
(3, 'BALSAS', NULL, 1, 1),
(4, 'CHETO', NULL, 1, 1),
(5, 'CHILIQUIN', NULL, 1, 1),
(6, 'CHUQUIBAMBA', NULL, 1, 1),
(7, 'GRANADA', NULL, 1, 1),
(8, 'HUANCAS', NULL, 1, 1),
(9, 'LA JALCA', NULL, 1, 1),
(10, 'LEIMEBAMBA', NULL, 1, 1),
(11, 'LEVANTO', NULL, 1, 1),
(12, 'MAGDALENA', NULL, 1, 1),
(13, 'MARISCAL CASTILLA', NULL, 1, 1),
(14, 'MOLINOPAMPA', NULL, 1, 1),
(15, 'MONTEVIDEO', NULL, 1, 1),
(16, 'OLLEROS', NULL, 1, 1),
(17, 'QUINJALCA', NULL, 1, 1),
(18, 'SAN FRANCISCO DE DAGUAS', NULL, 1, 1),
(19, 'SAN ISIDRO DE MAINO', NULL, 1, 1),
(20, 'SOLOCO', NULL, 1, 1),
(21, 'SONCHE', NULL, 1, 1),
(22, 'LA PECA', NULL, 2, 1),
(23, 'ARAMANGO', NULL, 2, 1),
(24, 'COPALLIN', NULL, 2, 1),
(25, 'EL PARCO', NULL, 2, 1),
(26, 'IMAZA', NULL, 2, 1),
(27, 'JUMBILLA', NULL, 3, 1),
(28, 'CHISQUILLA', NULL, 3, 1),
(29, 'CHURUJA', NULL, 3, 1),
(30, 'COROSHA', NULL, 3, 1),
(31, 'CUISPES', NULL, 3, 1),
(32, 'FLORIDA', NULL, 3, 1),
(33, 'JAZAN', NULL, 3, 1),
(34, 'RECTA', NULL, 3, 1),
(35, 'SAN CARLOS', NULL, 3, 1),
(36, 'SHIPASBAMBA', NULL, 3, 1),
(37, 'VALERA', NULL, 3, 1),
(38, 'YAMBRASBAMBA', NULL, 3, 1),
(39, 'NIEVA', NULL, 4, 1),
(40, 'EL CENEPA', NULL, 4, 1),
(41, 'RIO SANTIAGO', NULL, 4, 1),
(42, 'LAMUD', NULL, 5, 1),
(43, 'CAMPORREDONDO', NULL, 5, 1),
(44, 'COCABAMBA', NULL, 5, 1),
(45, 'COLCAMAR', NULL, 5, 1),
(46, 'CONILA', NULL, 5, 1),
(47, 'INGUILPATA', NULL, 5, 1),
(48, 'LONGUITA', NULL, 5, 1),
(49, 'LONYA CHICO', NULL, 5, 1),
(50, 'LUYA', NULL, 5, 1),
(51, 'LUYA VIEJO', NULL, 5, 1),
(52, 'MARIA', NULL, 5, 1),
(53, 'OCALLI', NULL, 5, 1),
(54, 'OCUMAL', NULL, 5, 1),
(55, 'PISUQUIA', NULL, 5, 1),
(56, 'PROVIDENCIA', NULL, 5, 1),
(57, 'SAN CRISTOBAL', NULL, 5, 1),
(58, 'SAN FRANCISCO DEL YESO', NULL, 5, 1),
(59, 'SAN JERONIMO', NULL, 5, 1),
(60, 'SAN JUAN DE LOPECANCHA', NULL, 5, 1),
(61, 'SANTA CATALINA', NULL, 5, 1),
(62, 'SANTO TOMAS', NULL, 5, 1),
(63, 'TINGO', NULL, 5, 1),
(64, 'TRITA', NULL, 5, 1),
(65, 'SAN NICOLAS', NULL, 6, 1),
(66, 'CHIRIMOTO', NULL, 6, 1),
(67, 'COCHAMAL', NULL, 6, 1),
(68, 'HUAMBO', NULL, 6, 1),
(69, 'LIMABAMBA', NULL, 6, 1),
(70, 'LONGAR', NULL, 6, 1),
(71, 'MARISCAL BENAVIDES', NULL, 6, 1),
(72, 'MILPUC', NULL, 6, 1),
(73, 'OMIA', NULL, 6, 1),
(74, 'SANTA ROSA', NULL, 6, 1),
(75, 'TOTORA', NULL, 6, 1),
(76, 'VISTA ALEGRE', NULL, 6, 1),
(77, 'BAGUA GRANDE', NULL, 7, 1),
(78, 'CAJARURO', NULL, 7, 1),
(79, 'CUMBA', NULL, 7, 1),
(80, 'EL MILAGRO', NULL, 7, 1),
(81, 'JAMALCA', NULL, 7, 1),
(82, 'LONYA GRANDE', NULL, 7, 1),
(83, 'YAMON', NULL, 7, 1),
(84, 'HUARAZ', NULL, 8, 1),
(85, 'COCHABAMBA', NULL, 8, 1),
(86, 'COLCABAMBA', NULL, 8, 1),
(87, 'HUANCHAY', NULL, 8, 1),
(88, 'INDEPENDENCIA', NULL, 8, 1),
(89, 'JANGAS', NULL, 8, 1),
(90, 'LA LIBERTAD', NULL, 8, 1),
(91, 'OLLEROS', NULL, 8, 1),
(92, 'PAMPAS', NULL, 8, 1),
(93, 'PARIACOTO', NULL, 8, 1),
(94, 'PIRA', NULL, 8, 1),
(95, 'TARICA', NULL, 8, 1),
(96, 'AIJA', NULL, 9, 1),
(97, 'CORIS', NULL, 9, 1),
(98, 'HUACLLAN', NULL, 9, 1),
(99, 'LA MERCED', NULL, 9, 1),
(100, 'SUCCHA', NULL, 9, 1),
(101, 'LLAMELLIN', NULL, 10, 1),
(102, 'ACZO', NULL, 10, 1),
(103, 'CHACCHO', NULL, 10, 1),
(104, 'CHINGAS', NULL, 10, 1),
(105, 'MIRGAS', NULL, 10, 1),
(106, 'SAN JUAN DE RONTOY', NULL, 10, 1),
(107, 'CHACAS', NULL, 11, 1),
(108, 'ACOCHACA', NULL, 11, 1),
(109, 'CHIQUIAN', NULL, 12, 1),
(110, 'ABELARDO PARDO LEZAMETA', NULL, 12, 1),
(111, 'ANTONIO RAYMONDI', NULL, 12, 1),
(112, 'AQUIA', NULL, 12, 1),
(113, 'CAJACAY', NULL, 12, 1),
(114, 'CANIS', NULL, 12, 1),
(115, 'COLQUIOC', NULL, 12, 1),
(116, 'HUALLANCA', NULL, 12, 1),
(117, 'HUASTA', NULL, 12, 1),
(118, 'HUAYLLACAYAN', NULL, 12, 1),
(119, 'LA PRIMAVERA', NULL, 12, 1),
(120, 'MANGAS', NULL, 12, 1),
(121, 'PACLLON', NULL, 12, 1),
(122, 'SAN MIGUEL DE CORPANQUI', NULL, 12, 1),
(123, 'TICLLOS', NULL, 12, 1),
(124, 'CARHUAZ', NULL, 13, 1),
(125, 'ACOPAMPA', NULL, 13, 1),
(126, 'AMASHCA', NULL, 13, 1),
(127, 'ANTA', NULL, 13, 1),
(128, 'ATAQUERO', NULL, 13, 1),
(129, 'MARCARA', NULL, 13, 1),
(130, 'PARIAHUANCA', NULL, 13, 1),
(131, 'SAN MIGUEL DE ACO', NULL, 13, 1),
(132, 'SHILLA', NULL, 13, 1),
(133, 'TINCO', NULL, 13, 1),
(134, 'YUNGAR', NULL, 13, 1),
(135, 'SAN LUIS', NULL, 14, 1),
(136, 'SAN NICOLAS', NULL, 14, 1),
(137, 'YAUYA', NULL, 14, 1),
(138, 'CASMA', NULL, 15, 1),
(139, 'BUENA VISTA ALTA', NULL, 15, 1),
(140, 'COMANDANTE NOEL', NULL, 15, 1),
(141, 'YAUTAN', NULL, 15, 1),
(142, 'CORONGO', NULL, 16, 1),
(143, 'ACO', NULL, 16, 1),
(144, 'BAMBAS', NULL, 16, 1),
(145, 'CUSCA', NULL, 16, 1),
(146, 'LA PAMPA', NULL, 16, 1),
(147, 'YANAC', NULL, 16, 1),
(148, 'YUPAN', NULL, 16, 1),
(149, 'HUARI', NULL, 17, 1),
(150, 'ANRA', NULL, 17, 1),
(151, 'CAJAY', NULL, 17, 1),
(152, 'CHAVIN DE HUANTAR', NULL, 17, 1),
(153, 'HUACACHI', NULL, 17, 1),
(154, 'HUACCHIS', NULL, 17, 1),
(155, 'HUACHIS', NULL, 17, 1),
(156, 'HUANTAR', NULL, 17, 1),
(157, 'MASIN', NULL, 17, 1),
(158, 'PAUCAS', NULL, 17, 1),
(159, 'PONTO', NULL, 17, 1),
(160, 'RAHUAPAMPA', NULL, 17, 1),
(161, 'RAPAYAN', NULL, 17, 1),
(162, 'SAN MARCOS', NULL, 17, 1),
(163, 'SAN PEDRO DE CHANA', NULL, 17, 1),
(164, 'UCO', NULL, 17, 1),
(165, 'HUARMEY', NULL, 18, 1),
(166, 'COCHAPETI', NULL, 18, 1),
(167, 'CULEBRAS', NULL, 18, 1),
(168, 'HUAYAN', NULL, 18, 1),
(169, 'MALVAS', NULL, 18, 1),
(170, 'CARAZ', NULL, 26, 1),
(171, 'HUALLANCA', NULL, 26, 1),
(172, 'HUATA', NULL, 26, 1),
(173, 'HUAYLAS', NULL, 26, 1),
(174, 'MATO', NULL, 26, 1),
(175, 'PAMPAROMAS', NULL, 26, 1),
(176, 'PUEBLO LIBRE', NULL, 26, 1),
(177, 'SANTA CRUZ', NULL, 26, 1),
(178, 'SANTO TORIBIO', NULL, 26, 1),
(179, 'YURACMARCA', NULL, 26, 1),
(180, 'PISCOBAMBA', NULL, 27, 1),
(181, 'CASCA', NULL, 27, 1),
(182, 'ELEAZAR GUZMAN BARRON', NULL, 27, 1),
(183, 'FIDEL OLIVAS ESCUDERO', NULL, 27, 1),
(184, 'LLAMA', NULL, 27, 1),
(185, 'LLUMPA', NULL, 27, 1),
(186, 'LUCMA', NULL, 27, 1),
(187, 'MUSGA', NULL, 27, 1),
(188, 'OCROS', NULL, 21, 1),
(189, 'ACAS', NULL, 21, 1),
(190, 'CAJAMARQUILLA', NULL, 21, 1),
(191, 'CARHUAPAMPA', NULL, 21, 1),
(192, 'COCHAS', NULL, 21, 1),
(193, 'CONGAS', NULL, 21, 1),
(194, 'LLIPA', NULL, 21, 1),
(195, 'SAN CRISTOBAL DE RAJAN', NULL, 21, 1),
(196, 'SAN PEDRO', NULL, 21, 1),
(197, 'SANTIAGO DE CHILCAS', NULL, 21, 1),
(198, 'CABANA', NULL, 22, 1),
(199, 'BOLOGNESI', NULL, 22, 1),
(200, 'CONCHUCOS', NULL, 22, 1),
(201, 'HUACASCHUQUE', NULL, 22, 1),
(202, 'HUANDOVAL', NULL, 22, 1),
(203, 'LACABAMBA', NULL, 22, 1),
(204, 'LLAPO', NULL, 22, 1),
(205, 'PALLASCA', NULL, 22, 1),
(206, 'PAMPAS', NULL, 22, 1),
(207, 'SANTA ROSA', NULL, 22, 1),
(208, 'TAUCA', NULL, 22, 1),
(209, 'POMABAMBA', NULL, 23, 1),
(210, 'HUAYLLAN', NULL, 23, 1),
(211, 'PAROBAMBA', NULL, 23, 1),
(212, 'QUINUABAMBA', NULL, 23, 1),
(213, 'RECUAY', NULL, 24, 1),
(214, 'CATAC', NULL, 24, 1),
(215, 'COTAPARACO', NULL, 24, 1),
(216, 'HUAYLLAPAMPA', NULL, 24, 1),
(217, 'LLACLLIN', NULL, 24, 1),
(218, 'MARCA', NULL, 24, 1),
(219, 'PAMPAS CHICO', NULL, 24, 1),
(220, 'PARARIN', NULL, 24, 1),
(221, 'TAPACOCHA', NULL, 24, 1),
(222, 'TICAPAMPA', NULL, 24, 1),
(223, 'CHIMBOTE', NULL, 25, 1),
(224, 'CACERES DEL PERU', NULL, 25, 1),
(225, 'COISHCO', NULL, 25, 1),
(226, 'MACATE', NULL, 25, 1),
(227, 'MORO', NULL, 25, 1),
(228, 'NEPE&Ntilde;A', NULL, 25, 1),
(229, 'SAMANCO', NULL, 25, 1),
(230, 'SANTA', NULL, 25, 1),
(231, 'NUEVO CHIMBOTE', NULL, 25, 1),
(232, 'SIHUAS', NULL, 26, 1),
(233, 'ACOBAMBA', NULL, 26, 1),
(234, 'ALFONSO UGARTE', NULL, 26, 1),
(235, 'CASHAPAMPA', NULL, 26, 1),
(236, 'CHINGALPO', NULL, 26, 1),
(237, 'HUAYLLABAMBA', NULL, 26, 1),
(238, 'QUICHES', NULL, 26, 1),
(239, 'RAGASH', NULL, 26, 1),
(240, 'SAN JUAN', NULL, 26, 1),
(241, 'SICSIBAMBA', NULL, 26, 1),
(242, 'YUNGAY', NULL, 27, 1),
(243, 'CASCAPARA', NULL, 27, 1),
(244, 'MANCOS', NULL, 27, 1),
(245, 'MATACOTO', NULL, 27, 1),
(246, 'QUILLO', NULL, 27, 1),
(247, 'RANRAHIRCA', NULL, 27, 1),
(248, 'SHUPLUY', NULL, 27, 1),
(249, 'YANAMA', NULL, 27, 1),
(250, 'ABANCAY', NULL, 28, 1),
(251, 'CHACOCHE', NULL, 28, 1),
(252, 'CIRCA', NULL, 28, 1),
(253, 'CURAHUASI', NULL, 28, 1),
(254, 'HUANIPACA', NULL, 28, 1),
(255, 'LAMBRAMA', NULL, 28, 1),
(256, 'PICHIRHUA', NULL, 28, 1),
(257, 'SAN PEDRO DE CACHORA', NULL, 28, 1),
(258, 'TAMBURCO', NULL, 28, 1),
(259, 'ANDAHUAYLAS', NULL, 29, 1),
(260, 'ANDARAPA', NULL, 29, 1),
(261, 'CHIARA', NULL, 29, 1),
(262, 'HUANCARAMA', NULL, 29, 1),
(263, 'HUANCARAY', NULL, 29, 1),
(264, 'HUAYANA', NULL, 29, 1),
(265, 'KISHUARA', NULL, 29, 1),
(266, 'PACOBAMBA', NULL, 29, 1),
(267, 'PACUCHA', NULL, 29, 1),
(268, 'PAMPACHIRI', NULL, 29, 1),
(269, 'POMACOCHA', NULL, 29, 1),
(270, 'SAN ANTONIO DE CACHI', NULL, 29, 1),
(271, 'SAN JERONIMO', NULL, 29, 1),
(272, 'SAN MIGUEL DE CHACCRAMPA', NULL, 29, 1),
(273, 'SANTA MARIA DE CHICMO', NULL, 29, 1),
(274, 'TALAVERA', NULL, 29, 1),
(275, 'TUMAY HUARACA', NULL, 29, 1),
(276, 'TURPO', NULL, 29, 1),
(277, 'KAQUIABAMBA', NULL, 29, 1),
(278, 'ANTABAMBA', NULL, 30, 1),
(279, 'EL ORO', NULL, 30, 1),
(280, 'HUAQUIRCA', NULL, 30, 1),
(281, 'JUAN ESPINOZA MEDRANO', NULL, 30, 1),
(282, 'OROPESA', NULL, 30, 1),
(283, 'PACHACONAS', NULL, 30, 1),
(284, 'SABAINO', NULL, 30, 1),
(285, 'CHALHUANCA', NULL, 31, 1),
(286, 'CAPAYA', NULL, 31, 1),
(287, 'CARAYBAMBA', NULL, 31, 1),
(288, 'CHAPIMARCA', NULL, 31, 1),
(289, 'COLCABAMBA', NULL, 31, 1),
(290, 'COTARUSE', NULL, 31, 1),
(291, 'HUAYLLO', NULL, 31, 1),
(292, 'JUSTO APU SAHUARAURA', NULL, 31, 1),
(293, 'LUCRE', NULL, 31, 1),
(294, 'POCOHUANCA', NULL, 31, 1),
(295, 'SAN JUAN DE CHAC&Ntilde;A', NULL, 31, 1),
(296, 'SA&Ntilde;AYCA', NULL, 31, 1),
(297, 'SORAYA', NULL, 31, 1),
(298, 'TAPAIRIHUA', NULL, 31, 1),
(299, 'TINTAY', NULL, 31, 1),
(300, 'TORAYA', NULL, 31, 1),
(301, 'YANACA', NULL, 31, 1),
(302, 'TAMBOBAMBA', NULL, 32, 1),
(303, 'COTABAMBAS', NULL, 32, 1),
(304, 'COYLLURQUI', NULL, 32, 1),
(305, 'HAQUIRA', NULL, 32, 1),
(306, 'MARA', NULL, 32, 1),
(307, 'CHALLHUAHUACHO', NULL, 32, 1),
(308, 'CHINCHEROS', NULL, 33, 1),
(309, 'ANCO-HUALLO', NULL, 33, 1),
(310, 'COCHARCAS', NULL, 33, 1),
(311, 'HUACCANA', NULL, 33, 1),
(312, 'OCOBAMBA', NULL, 33, 1),
(313, 'ONGOY', NULL, 33, 1),
(314, 'URANMARCA', NULL, 33, 1),
(315, 'RANRACANCHA', NULL, 33, 1),
(316, 'CHUQUIBAMBILLA', NULL, 34, 1),
(317, 'CURPAHUASI', NULL, 34, 1),
(318, 'GAMARRA', NULL, 34, 1),
(319, 'HUAYLLATI', NULL, 34, 1),
(320, 'MAMARA', NULL, 34, 1),
(321, 'MICAELA BASTIDAS', NULL, 34, 1),
(322, 'PATAYPAMPA', NULL, 34, 1),
(323, 'PROGRESO', NULL, 34, 1),
(324, 'SAN ANTONIO', NULL, 34, 1),
(325, 'SANTA ROSA', NULL, 34, 1),
(326, 'TURPAY', NULL, 34, 1),
(327, 'VILCABAMBA', NULL, 34, 1),
(328, 'VIRUNDO', NULL, 34, 1),
(329, 'CURASCO', NULL, 34, 1),
(330, 'AREQUIPA', NULL, 35, 1),
(331, 'ALTO SELVA ALEGRE', NULL, 35, 1),
(332, 'CAYMA', NULL, 35, 1),
(333, 'CERRO COLORADO', NULL, 35, 1),
(334, 'CHARACATO', NULL, 35, 1),
(335, 'CHIGUATA', NULL, 35, 1),
(336, 'JACOBO HUNTER', NULL, 35, 1),
(337, 'LA JOYA', NULL, 35, 1),
(338, 'MARIANO MELGAR', NULL, 35, 1),
(339, 'MIRAFLORES', NULL, 35, 1),
(340, 'MOLLEBAYA', NULL, 35, 1),
(341, 'PAUCARPATA', NULL, 35, 1),
(342, 'POCSI', NULL, 35, 1),
(343, 'POLOBAYA', NULL, 35, 1),
(344, 'QUEQUE&Ntilde;A', NULL, 35, 1),
(345, 'SABANDIA', NULL, 35, 1),
(346, 'SACHACA', NULL, 35, 1),
(347, 'SAN JUAN DE SIGUAS', NULL, 35, 1),
(348, 'SAN JUAN DE TARUCANI', NULL, 35, 1),
(349, 'SANTA ISABEL DE SIGUAS', NULL, 35, 1),
(350, 'SANTA RITA DE SIGUAS', NULL, 35, 1),
(351, 'SOCABAYA', NULL, 35, 1),
(352, 'TIABAYA', NULL, 35, 1),
(353, 'UCHUMAYO', NULL, 35, 1),
(354, 'VITOR', NULL, 35, 1),
(355, 'YANAHUARA', NULL, 35, 1),
(356, 'YARABAMBA', NULL, 35, 1),
(357, 'YURA', NULL, 35, 1),
(358, 'JOSE LUIS BUSTAMANTE Y RIVERO', NULL, 35, 1),
(359, 'CAMANA', NULL, 36, 1),
(360, 'JOSE MARIA QUIMPER', NULL, 36, 1),
(361, 'MARIANO NICOLAS VALCARCEL', NULL, 36, 1),
(362, 'MARISCAL CACERES', NULL, 36, 1),
(363, 'NICOLAS DE PIEROLA', NULL, 36, 1),
(364, 'OCO&Ntilde;A', NULL, 36, 1),
(365, 'QUILCA', NULL, 36, 1),
(366, 'SAMUEL PASTOR', NULL, 36, 1),
(367, 'CARAVELI', NULL, 37, 1),
(368, 'ACARI', NULL, 37, 1),
(369, 'ATICO', NULL, 37, 1),
(370, 'ATIQUIPA', NULL, 37, 1),
(371, 'BELLA UNION', NULL, 37, 1),
(372, 'CAHUACHO', NULL, 37, 1),
(373, 'CHALA', NULL, 37, 1),
(374, 'CHAPARRA', NULL, 37, 1),
(375, 'HUANUHUANU', NULL, 37, 1),
(376, 'JAQUI', NULL, 37, 1),
(377, 'LOMAS', NULL, 37, 1),
(378, 'QUICACHA', NULL, 37, 1),
(379, 'YAUCA', NULL, 37, 1),
(380, 'APLAO', NULL, 38, 1),
(381, 'ANDAGUA', NULL, 38, 1),
(382, 'AYO', NULL, 38, 1),
(383, 'CHACHAS', NULL, 38, 1),
(384, 'CHILCAYMARCA', NULL, 38, 1),
(385, 'CHOCO', NULL, 38, 1),
(386, 'HUANCARQUI', NULL, 38, 1),
(387, 'MACHAGUAY', NULL, 38, 1),
(388, 'ORCOPAMPA', NULL, 38, 1),
(389, 'PAMPACOLCA', NULL, 38, 1),
(390, 'TIPAN', NULL, 38, 1),
(391, 'U&Ntilde;ON', NULL, 38, 1),
(392, 'URACA', NULL, 38, 1),
(393, 'VIRACO', NULL, 38, 1),
(394, 'CHIVAY', NULL, 39, 1),
(395, 'ACHOMA', NULL, 39, 1),
(396, 'CABANACONDE', NULL, 39, 1),
(397, 'CALLALLI', NULL, 39, 1),
(398, 'CAYLLOMA', NULL, 39, 1),
(399, 'COPORAQUE', NULL, 39, 1),
(400, 'HUAMBO', NULL, 39, 1),
(401, 'HUANCA', NULL, 39, 1),
(402, 'ICHUPAMPA', NULL, 39, 1),
(403, 'LARI', NULL, 39, 1),
(404, 'LLUTA', NULL, 39, 1),
(405, 'MACA', NULL, 39, 1),
(406, 'MADRIGAL', NULL, 39, 1),
(407, 'SAN ANTONIO DE CHUCA', NULL, 39, 1),
(408, 'SIBAYO', NULL, 39, 1),
(409, 'TAPAY', NULL, 39, 1),
(410, 'TISCO', NULL, 39, 1),
(411, 'TUTI', NULL, 39, 1),
(412, 'YANQUE', NULL, 39, 1),
(413, 'MAJES', NULL, 39, 1),
(414, 'CHUQUIBAMBA', NULL, 40, 1),
(415, 'ANDARAY', NULL, 40, 1),
(416, 'CAYARANI', NULL, 40, 1),
(417, 'CHICHAS', NULL, 40, 1),
(418, 'IRAY', NULL, 40, 1),
(419, 'RIO GRANDE', NULL, 40, 1),
(420, 'SALAMANCA', NULL, 40, 1),
(421, 'YANAQUIHUA', NULL, 40, 1),
(422, 'MOLLENDO', NULL, 41, 1),
(423, 'COCACHACRA', NULL, 41, 1),
(424, 'DEAN VALDIVIA', NULL, 41, 1),
(425, 'ISLAY', NULL, 41, 1),
(426, 'MEJIA', NULL, 41, 1),
(427, 'PUNTA DE BOMBON', NULL, 41, 1),
(428, 'COTAHUASI', NULL, 42, 1),
(429, 'ALCA', NULL, 42, 1),
(430, 'CHARCANA', NULL, 42, 1),
(431, 'HUAYNACOTAS', NULL, 42, 1),
(432, 'PAMPAMARCA', NULL, 42, 1),
(433, 'PUYCA', NULL, 42, 1),
(434, 'QUECHUALLA', NULL, 42, 1),
(435, 'SAYLA', NULL, 42, 1),
(436, 'TAURIA', NULL, 42, 1),
(437, 'TOMEPAMPA', NULL, 42, 1),
(438, 'TORO', NULL, 42, 1),
(439, 'AYACUCHO', NULL, 43, 1),
(440, 'ACOCRO', NULL, 43, 1),
(441, 'ACOS VINCHOS', NULL, 43, 1),
(442, 'CARMEN ALTO', NULL, 43, 1),
(443, 'CHIARA', NULL, 43, 1),
(444, 'OCROS', NULL, 43, 1),
(445, 'PACAYCASA', NULL, 43, 1),
(446, 'QUINUA', NULL, 43, 1),
(447, 'SAN JOSE DE TICLLAS', NULL, 43, 1),
(448, 'SAN JUAN BAUTISTA', NULL, 43, 1),
(449, 'SANTIAGO DE PISCHA', NULL, 43, 1),
(450, 'SOCOS', NULL, 43, 1),
(451, 'TAMBILLO', NULL, 43, 1),
(452, 'VINCHOS', NULL, 43, 1),
(453, 'JESUS NAZARENO', NULL, 43, 1),
(454, 'CANGALLO', NULL, 44, 1),
(455, 'CHUSCHI', NULL, 44, 1),
(456, 'LOS MOROCHUCOS', NULL, 44, 1),
(457, 'MARIA PARADO DE BELLIDO', NULL, 44, 1),
(458, 'PARAS', NULL, 44, 1),
(459, 'TOTOS', NULL, 44, 1),
(460, 'SANCOS', NULL, 45, 1),
(461, 'CARAPO', NULL, 45, 1),
(462, 'SACSAMARCA', NULL, 45, 1),
(463, 'SANTIAGO DE LUCANAMARCA', NULL, 45, 1),
(464, 'HUANTA', NULL, 46, 1),
(465, 'AYAHUANCO', NULL, 46, 1),
(466, 'HUAMANGUILLA', NULL, 46, 1),
(467, 'IGUAIN', NULL, 46, 1),
(468, 'LURICOCHA', NULL, 46, 1),
(469, 'SANTILLANA', NULL, 46, 1),
(470, 'SIVIA', NULL, 46, 1),
(471, 'LLOCHEGUA', NULL, 46, 1),
(472, 'SAN MIGUEL', NULL, 47, 1),
(473, 'ANCO', NULL, 47, 1),
(474, 'AYNA', NULL, 47, 1),
(475, 'CHILCAS', NULL, 47, 1),
(476, 'CHUNGUI', NULL, 47, 1),
(477, 'LUIS CARRANZA', NULL, 47, 1),
(478, 'SANTA ROSA', NULL, 47, 1),
(479, 'TAMBO', NULL, 47, 1),
(480, 'PUQUIO', NULL, 48, 1),
(481, 'AUCARA', NULL, 48, 1),
(482, 'CABANA', NULL, 48, 1),
(483, 'CARMEN SALCEDO', NULL, 48, 1),
(484, 'CHAVI&Ntilde;A', NULL, 48, 1),
(485, 'CHIPAO', NULL, 48, 1),
(486, 'HUAC-HUAS', NULL, 48, 1),
(487, 'LARAMATE', NULL, 48, 1),
(488, 'LEONCIO PRADO', NULL, 48, 1),
(489, 'LLAUTA', NULL, 48, 1),
(490, 'LUCANAS', NULL, 48, 1),
(491, 'OCA&Ntilde;A', NULL, 48, 1),
(492, 'OTOCA', NULL, 48, 1),
(493, 'SAISA', NULL, 48, 1),
(494, 'SAN CRISTOBAL', NULL, 48, 1),
(495, 'SAN JUAN', NULL, 48, 1),
(496, 'SAN PEDRO', NULL, 48, 1),
(497, 'SAN PEDRO DE PALCO', NULL, 48, 1),
(498, 'SANCOS', NULL, 48, 1),
(499, 'SANTA ANA DE HUAYCAHUACHO', NULL, 48, 1),
(500, 'SANTA LUCIA', NULL, 48, 1),
(501, 'CORACORA', NULL, 49, 1),
(502, 'CHUMPI', NULL, 49, 1),
(503, 'CORONEL CASTA&Ntilde;EDA', NULL, 49, 1),
(504, 'PACAPAUSA', NULL, 49, 1),
(505, 'PULLO', NULL, 49, 1),
(506, 'PUYUSCA', NULL, 49, 1),
(507, 'SAN FRANCISCO DE RAVACAYCO', NULL, 49, 1),
(508, 'UPAHUACHO', NULL, 49, 1),
(509, 'PAUSA', NULL, 50, 1),
(510, 'COLTA', NULL, 50, 1),
(511, 'CORCULLA', NULL, 50, 1),
(512, 'LAMPA', NULL, 50, 1),
(513, 'MARCABAMBA', NULL, 50, 1),
(514, 'OYOLO', NULL, 50, 1),
(515, 'PARARCA', NULL, 50, 1),
(516, 'SAN JAVIER DE ALPABAMBA', NULL, 50, 1),
(517, 'SAN JOSE DE USHUA', NULL, 50, 1),
(518, 'SARA SARA', NULL, 50, 1),
(519, 'QUEROBAMBA', NULL, 51, 1),
(520, 'BELEN', NULL, 51, 1),
(521, 'CHALCOS', NULL, 51, 1),
(522, 'CHILCAYOC', NULL, 51, 1),
(523, 'HUACA&Ntilde;A', NULL, 51, 1),
(524, 'MORCOLLA', NULL, 51, 1),
(525, 'PAICO', NULL, 51, 1),
(526, 'SAN PEDRO DE LARCAY', NULL, 51, 1),
(527, 'SAN SALVADOR DE QUIJE', NULL, 51, 1),
(528, 'SANTIAGO DE PAUCARAY', NULL, 51, 1),
(529, 'SORAS', NULL, 51, 1),
(530, 'HUANCAPI', NULL, 52, 1),
(531, 'ALCAMENCA', NULL, 52, 1),
(532, 'APONGO', NULL, 52, 1),
(533, 'ASQUIPATA', NULL, 52, 1),
(534, 'CANARIA', NULL, 52, 1),
(535, 'CAYARA', NULL, 52, 1),
(536, 'COLCA', NULL, 52, 1),
(537, 'HUAMANQUIQUIA', NULL, 52, 1),
(538, 'HUANCARAYLLA', NULL, 52, 1),
(539, 'HUAYA', NULL, 52, 1),
(540, 'SARHUA', NULL, 52, 1),
(541, 'VILCANCHOS', NULL, 52, 1),
(542, 'VILCAS HUAMAN', NULL, 53, 1),
(543, 'ACCOMARCA', NULL, 53, 1),
(544, 'CARHUANCA', NULL, 53, 1),
(545, 'CONCEPCION', NULL, 53, 1),
(546, 'HUAMBALPA', NULL, 53, 1),
(547, 'INDEPENDENCIA', NULL, 53, 1),
(548, 'SAURAMA', NULL, 53, 1),
(549, 'VISCHONGO', NULL, 53, 1),
(550, 'CAJAMARCA', NULL, 54, 1),
(551, 'CAJAMARCA', NULL, 54, 1),
(552, 'ASUNCION', NULL, 54, 1),
(553, 'CHETILLA', NULL, 54, 1),
(554, 'COSPAN', NULL, 54, 1),
(555, 'ENCA&Ntilde;ADA', NULL, 54, 1),
(556, 'JESUS', NULL, 54, 1),
(557, 'LLACANORA', NULL, 54, 1),
(558, 'LOS BA&Ntilde;OS DEL INCA', NULL, 54, 1),
(559, 'MAGDALENA', NULL, 54, 1),
(560, 'MATARA', NULL, 54, 1),
(561, 'NAMORA', NULL, 54, 1),
(562, 'SAN JUAN', NULL, 54, 1),
(563, 'CAJABAMBA', NULL, 55, 1),
(564, 'CACHACHI', NULL, 55, 1),
(565, 'CONDEBAMBA', NULL, 55, 1),
(566, 'SITACOCHA', NULL, 55, 1),
(567, 'CELENDIN', NULL, 56, 1),
(568, 'CHUMUCH', NULL, 56, 1),
(569, 'CORTEGANA', NULL, 56, 1),
(570, 'HUASMIN', NULL, 56, 1),
(571, 'JORGE CHAVEZ', NULL, 56, 1),
(572, 'JOSE GALVEZ', NULL, 56, 1),
(573, 'MIGUEL IGLESIAS', NULL, 56, 1),
(574, 'OXAMARCA', NULL, 56, 1),
(575, 'SOROCHUCO', NULL, 56, 1),
(576, 'SUCRE', NULL, 56, 1),
(577, 'UTCO', NULL, 56, 1),
(578, 'LA LIBERTAD DE PALLAN', NULL, 56, 1),
(579, 'CHOTA', NULL, 57, 1),
(580, 'ANGUIA', NULL, 57, 1),
(581, 'CHADIN', NULL, 57, 1),
(582, 'CHIGUIRIP', NULL, 57, 1),
(583, 'CHIMBAN', NULL, 57, 1),
(584, 'CHOROPAMPA', NULL, 57, 1),
(585, 'COCHABAMBA', NULL, 57, 1),
(586, 'CONCHAN', NULL, 57, 1),
(587, 'HUAMBOS', NULL, 57, 1),
(588, 'LAJAS', NULL, 57, 1),
(589, 'LLAMA', NULL, 57, 1),
(590, 'MIRACOSTA', NULL, 57, 1),
(591, 'PACCHA', NULL, 57, 1),
(592, 'PION', NULL, 57, 1),
(593, 'QUEROCOTO', NULL, 57, 1),
(594, 'SAN JUAN DE LICUPIS', NULL, 57, 1),
(595, 'TACABAMBA', NULL, 57, 1),
(596, 'TOCMOCHE', NULL, 57, 1),
(597, 'CHALAMARCA', NULL, 57, 1),
(598, 'CONTUMAZA', NULL, 58, 1),
(599, 'CHILETE', NULL, 58, 1),
(600, 'CUPISNIQUE', NULL, 58, 1),
(601, 'GUZMANGO', NULL, 58, 1),
(602, 'SAN BENITO', NULL, 58, 1),
(603, 'SANTA CRUZ DE TOLED', NULL, 58, 1),
(604, 'TANTARICA', NULL, 58, 1),
(605, 'YONAN', NULL, 58, 1),
(606, 'CUTERVO', NULL, 59, 1),
(607, 'CALLAYUC', NULL, 59, 1),
(608, 'CHOROS', NULL, 59, 1),
(609, 'CUJILLO', NULL, 59, 1),
(610, 'LA RAMADA', NULL, 59, 1),
(611, 'PIMPINGOS', NULL, 59, 1),
(612, 'QUEROCOTILLO', NULL, 59, 1),
(613, 'SAN ANDRES DE CUTERVO', NULL, 59, 1),
(614, 'SAN JUAN DE CUTERVO', NULL, 59, 1),
(615, 'SAN LUIS DE LUCMA', NULL, 59, 1),
(616, 'SANTA CRUZ', NULL, 59, 1),
(617, 'SANTO DOMINGO DE LA CAPILLA', NULL, 59, 1),
(618, 'SANTO TOMAS', NULL, 59, 1),
(619, 'SOCOTA', NULL, 59, 1),
(620, 'TORIBIO CASANOVA', NULL, 59, 1),
(621, 'BAMBAMARCA', NULL, 60, 1),
(622, 'CHUGUR', NULL, 60, 1),
(623, 'HUALGAYOC', NULL, 60, 1),
(624, 'JAEN', NULL, 61, 1),
(625, 'BELLAVISTA', NULL, 61, 1),
(626, 'CHONTALI', NULL, 61, 1),
(627, 'COLASAY', NULL, 61, 1),
(628, 'HUABAL', NULL, 61, 1),
(629, 'LAS PIRIAS', NULL, 61, 1),
(630, 'POMAHUACA', NULL, 61, 1),
(631, 'PUCARA', NULL, 61, 1),
(632, 'SALLIQUE', NULL, 61, 1),
(633, 'SAN FELIPE', NULL, 61, 1),
(634, 'SAN JOSE DEL ALTO', NULL, 61, 1),
(635, 'SANTA ROSA', NULL, 61, 1),
(636, 'SAN IGNACIO', NULL, 62, 1),
(637, 'CHIRINOS', NULL, 62, 1),
(638, 'HUARANGO', NULL, 62, 1),
(639, 'LA COIPA', NULL, 62, 1),
(640, 'NAMBALLE', NULL, 62, 1),
(641, 'SAN JOSE DE LOURDES', NULL, 62, 1),
(642, 'TABACONAS', NULL, 62, 1),
(643, 'PEDRO GALVEZ', NULL, 63, 1),
(644, 'CHANCAY', NULL, 63, 1),
(645, 'EDUARDO VILLANUEVA', NULL, 63, 1),
(646, 'GREGORIO PITA', NULL, 63, 1),
(647, 'ICHOCAN', NULL, 63, 1),
(648, 'JOSE MANUEL QUIROZ', NULL, 63, 1),
(649, 'JOSE SABOGAL', NULL, 63, 1),
(650, 'SAN MIGUEL', NULL, 64, 1),
(651, 'SAN MIGUEL', NULL, 64, 1),
(652, 'BOLIVAR', NULL, 64, 1),
(653, 'CALQUIS', NULL, 64, 1),
(654, 'CATILLUC', NULL, 64, 1),
(655, 'EL PRADO', NULL, 64, 1),
(656, 'LA FLORIDA', NULL, 64, 1),
(657, 'LLAPA', NULL, 64, 1),
(658, 'NANCHOC', NULL, 64, 1),
(659, 'NIEPOS', NULL, 64, 1),
(660, 'SAN GREGORIO', NULL, 64, 1),
(661, 'SAN SILVESTRE DE COCHAN', NULL, 64, 1),
(662, 'TONGOD', NULL, 64, 1),
(663, 'UNION AGUA BLANCA', NULL, 64, 1),
(664, 'SAN PABLO', NULL, 65, 1),
(665, 'SAN BERNARDINO', NULL, 65, 1),
(666, 'SAN LUIS', NULL, 65, 1),
(667, 'TUMBADEN', NULL, 65, 1),
(668, 'SANTA CRUZ', NULL, 66, 1),
(669, 'ANDABAMBA', NULL, 66, 1),
(670, 'CATACHE', NULL, 66, 1),
(671, 'CHANCAYBA&Ntilde;OS', NULL, 66, 1),
(672, 'LA ESPERANZA', NULL, 66, 1),
(673, 'NINABAMBA', NULL, 66, 1),
(674, 'PULAN', NULL, 66, 1),
(675, 'SAUCEPAMPA', NULL, 66, 1),
(676, 'SEXI', NULL, 66, 1),
(677, 'UTICYACU', NULL, 66, 1),
(678, 'YAUYUCAN', NULL, 66, 1),
(679, 'CALLAO', NULL, 67, 1),
(680, 'BELLAVISTA', NULL, 67, 1),
(681, 'CARMEN DE LA LEGUA REYNOSO', NULL, 67, 1),
(682, 'LA PERLA', NULL, 67, 1),
(683, 'LA PUNTA', NULL, 67, 1),
(684, 'VENTANILLA', NULL, 67, 1),
(685, 'CUSCO', NULL, 67, 1),
(686, 'CCORCA', NULL, 67, 1),
(687, 'POROY', NULL, 67, 1),
(688, 'SAN JERONIMO', NULL, 67, 1),
(689, 'SAN SEBASTIAN', NULL, 67, 1),
(690, 'SANTIAGO', NULL, 67, 1),
(691, 'SAYLLA', NULL, 67, 1),
(692, 'WANCHAQ', NULL, 67, 1),
(693, 'ACOMAYO', NULL, 68, 1),
(694, 'ACOPIA', NULL, 68, 1),
(695, 'ACOS', NULL, 68, 1),
(696, 'MOSOC LLACTA', NULL, 68, 1),
(697, 'POMACANCHI', NULL, 68, 1),
(698, 'RONDOCAN', NULL, 68, 1),
(699, 'SANGARARA', NULL, 68, 1),
(700, 'ANTA', NULL, 69, 1),
(701, 'ANCAHUASI', NULL, 69, 1),
(702, 'CACHIMAYO', NULL, 69, 1),
(703, 'CHINCHAYPUJIO', NULL, 69, 1),
(704, 'HUAROCONDO', NULL, 69, 1),
(705, 'LIMATAMBO', NULL, 69, 1),
(706, 'MOLLEPATA', NULL, 69, 1),
(707, 'PUCYURA', NULL, 69, 1),
(708, 'ZURITE', NULL, 69, 1),
(709, 'CALCA', NULL, 70, 1),
(710, 'COYA', NULL, 70, 1),
(711, 'LAMAY', NULL, 70, 1),
(712, 'LARES', NULL, 70, 1),
(713, 'PISAC', NULL, 70, 1),
(714, 'SAN SALVADOR', NULL, 70, 1),
(715, 'TARAY', NULL, 70, 1),
(716, 'YANATILE', NULL, 70, 1),
(717, 'YANAOCA', NULL, 71, 1),
(718, 'CHECCA', NULL, 71, 1),
(719, 'KUNTURKANKI', NULL, 71, 1),
(720, 'LANGUI', NULL, 71, 1),
(721, 'LAYO', NULL, 71, 1),
(722, 'PAMPAMARCA', NULL, 71, 1),
(723, 'QUEHUE', NULL, 71, 1),
(724, 'TUPAC AMARU', NULL, 71, 1),
(725, 'SICUANI', NULL, 72, 1),
(726, 'CHECACUPE', NULL, 72, 1),
(727, 'COMBAPATA', NULL, 72, 1),
(728, 'MARANGANI', NULL, 72, 1),
(729, 'PITUMARCA', NULL, 72, 1),
(730, 'SAN PABLO', NULL, 72, 1),
(731, 'SAN PEDRO', NULL, 72, 1),
(732, 'TINTA', NULL, 72, 1),
(733, 'SANTO TOMAS', NULL, 73, 1),
(734, 'CAPACMARCA', NULL, 73, 1),
(735, 'CHAMACA', NULL, 73, 1),
(736, 'COLQUEMARCA', NULL, 73, 1),
(737, 'LIVITACA', NULL, 73, 1),
(738, 'LLUSCO', NULL, 73, 1),
(739, 'QUI&Ntilde;OTA', NULL, 73, 1),
(740, 'VELILLE', NULL, 73, 1),
(741, 'ESPINAR', NULL, 74, 1),
(742, 'CONDOROMA', NULL, 74, 1),
(743, 'COPORAQUE', NULL, 74, 1),
(744, 'OCORURO', NULL, 74, 1),
(745, 'PALLPATA', NULL, 74, 1),
(746, 'PICHIGUA', NULL, 74, 1),
(747, 'SUYCKUTAMBO', NULL, 74, 1),
(748, 'ALTO PICHIGUA', NULL, 74, 1),
(749, 'SANTA ANA', NULL, 75, 1),
(750, 'ECHARATE', NULL, 75, 1),
(751, 'HUAYOPATA', NULL, 75, 1),
(752, 'MARANURA', NULL, 75, 1),
(753, 'OCOBAMBA', NULL, 75, 1),
(754, 'QUELLOUNO', NULL, 75, 1),
(755, 'KIMBIRI', NULL, 75, 1),
(756, 'SANTA TERESA', NULL, 75, 1),
(757, 'VILCABAMBA', NULL, 75, 1),
(758, 'PICHARI', NULL, 75, 1),
(759, 'PARURO', NULL, 76, 1),
(760, 'ACCHA', NULL, 76, 1),
(761, 'CCAPI', NULL, 76, 1),
(762, 'COLCHA', NULL, 76, 1),
(763, 'HUANOQUITE', NULL, 76, 1),
(764, 'OMACHA', NULL, 76, 1),
(765, 'PACCARITAMBO', NULL, 76, 1),
(766, 'PILLPINTO', NULL, 76, 1),
(767, 'YAURISQUE', NULL, 76, 1),
(768, 'PAUCARTAMBO', NULL, 77, 1),
(769, 'CAICAY', NULL, 77, 1),
(770, 'CHALLABAMBA', NULL, 77, 1),
(771, 'COLQUEPATA', NULL, 77, 1),
(772, 'HUANCARANI', NULL, 77, 1),
(773, 'KOS&Ntilde;IPATA', NULL, 77, 1),
(774, 'URCOS', NULL, 78, 1),
(775, 'ANDAHUAYLILLAS', NULL, 78, 1),
(776, 'CAMANTI', NULL, 78, 1),
(777, 'CCARHUAYO', NULL, 78, 1),
(778, 'CCATCA', NULL, 78, 1),
(779, 'CUSIPATA', NULL, 78, 1),
(780, 'HUARO', NULL, 78, 1),
(781, 'LUCRE', NULL, 78, 1),
(782, 'MARCAPATA', NULL, 78, 1),
(783, 'OCONGATE', NULL, 78, 1),
(784, 'OROPESA', NULL, 78, 1),
(785, 'QUIQUIJANA', NULL, 78, 1),
(786, 'URUBAMBA', NULL, 79, 1),
(787, 'CHINCHERO', NULL, 79, 1),
(788, 'HUAYLLABAMBA', NULL, 79, 1),
(789, 'MACHUPICCHU', NULL, 79, 1),
(790, 'MARAS', NULL, 79, 1),
(791, 'OLLANTAYTAMBO', NULL, 79, 1),
(792, 'YUCAY', NULL, 79, 1),
(793, 'HUANCAVELICA', NULL, 80, 1),
(794, 'ACOBAMBILLA', NULL, 80, 1),
(795, 'ACORIA', NULL, 80, 1),
(796, 'CONAYCA', NULL, 80, 1),
(797, 'CUENCA', NULL, 80, 1),
(798, 'HUACHOCOLPA', NULL, 80, 1),
(799, 'HUAYLLAHUARA', NULL, 80, 1),
(800, 'IZCUCHACA', NULL, 80, 1),
(801, 'LARIA', NULL, 80, 1),
(802, 'MANTA', NULL, 80, 1),
(803, 'MARISCAL CACERES', NULL, 80, 1),
(804, 'MOYA', NULL, 80, 1),
(805, 'NUEVO OCCORO', NULL, 80, 1),
(806, 'PALCA', NULL, 80, 1),
(807, 'PILCHACA', NULL, 80, 1),
(808, 'VILCA', NULL, 80, 1),
(809, 'YAULI', NULL, 80, 1),
(810, 'ASCENSION', NULL, 80, 1),
(811, 'HUANDO', NULL, 80, 1),
(812, 'ACOBAMBA', NULL, 81, 1),
(813, 'ANDABAMBA', NULL, 81, 1),
(814, 'ANTA', NULL, 81, 1),
(815, 'CAJA', NULL, 81, 1),
(816, 'MARCAS', NULL, 81, 1),
(817, 'PAUCARA', NULL, 81, 1),
(818, 'POMACOCHA', NULL, 81, 1),
(819, 'ROSARIO', NULL, 81, 1),
(820, 'LIRCAY', NULL, 82, 1),
(821, 'ANCHONGA', NULL, 82, 1),
(822, 'CALLANMARCA', NULL, 82, 1),
(823, 'CCOCHACCASA', NULL, 82, 1),
(824, 'CHINCHO', NULL, 82, 1),
(825, 'CONGALLA', NULL, 82, 1),
(826, 'HUANCA-HUANCA', NULL, 82, 1),
(827, 'HUAYLLAY GRANDE', NULL, 82, 1),
(828, 'JULCAMARCA', NULL, 82, 1),
(829, 'SAN ANTONIO DE ANTAPARCO', NULL, 82, 1),
(830, 'SANTO TOMAS DE PATA', NULL, 82, 1),
(831, 'SECCLLA', NULL, 82, 1),
(832, 'CASTROVIRREYNA', NULL, 83, 1),
(833, 'ARMA', NULL, 83, 1),
(834, 'AURAHUA', NULL, 83, 1),
(835, 'CAPILLAS', NULL, 83, 1),
(836, 'CHUPAMARCA', NULL, 83, 1),
(837, 'COCAS', NULL, 83, 1),
(838, 'HUACHOS', NULL, 83, 1),
(839, 'HUAMATAMBO', NULL, 83, 1),
(840, 'MOLLEPAMPA', NULL, 83, 1),
(841, 'SAN JUAN', NULL, 83, 1),
(842, 'SANTA ANA', NULL, 83, 1),
(843, 'TANTARA', NULL, 83, 1),
(844, 'TICRAPO', NULL, 83, 1),
(845, 'CHURCAMPA', NULL, 84, 1),
(846, 'ANCO', NULL, 84, 1),
(847, 'CHINCHIHUASI', NULL, 84, 1),
(848, 'EL CARMEN', NULL, 84, 1),
(849, 'LA MERCED', NULL, 84, 1),
(850, 'LOCROJA', NULL, 84, 1),
(851, 'PAUCARBAMBA', NULL, 84, 1),
(852, 'SAN MIGUEL DE MAYOCC', NULL, 84, 1),
(853, 'SAN PEDRO DE CORIS', NULL, 84, 1),
(854, 'PACHAMARCA', NULL, 84, 1),
(855, 'HUAYTARA', NULL, 85, 1),
(856, 'AYAVI', NULL, 85, 1),
(857, 'CORDOVA', NULL, 85, 1),
(858, 'HUAYACUNDO ARMA', NULL, 85, 1),
(859, 'LARAMARCA', NULL, 85, 1),
(860, 'OCOYO', NULL, 85, 1),
(861, 'PILPICHACA', NULL, 85, 1),
(862, 'QUERCO', NULL, 85, 1),
(863, 'QUITO-ARMA', NULL, 85, 1),
(864, 'SAN ANTONIO DE CUSICANCHA', NULL, 85, 1),
(865, 'SAN FRANCISCO DE SANGAYAICO', NULL, 85, 1),
(866, 'SAN ISIDRO', NULL, 85, 1),
(867, 'SANTIAGO DE CHOCORVOS', NULL, 85, 1),
(868, 'SANTIAGO DE QUIRAHUARA', NULL, 85, 1),
(869, 'SANTO DOMINGO DE CAPILLAS', NULL, 85, 1),
(870, 'TAMBO', NULL, 85, 1),
(871, 'PAMPAS', NULL, 86, 1),
(872, 'ACOSTAMBO', NULL, 86, 1),
(873, 'ACRAQUIA', NULL, 86, 1),
(874, 'AHUAYCHA', NULL, 86, 1),
(875, 'COLCABAMBA', NULL, 86, 1),
(876, 'DANIEL HERNANDEZ', NULL, 86, 1),
(877, 'HUACHOCOLPA', NULL, 86, 1),
(878, 'HUARIBAMBA', NULL, 86, 1),
(879, '&Ntilde;AHUIMPUQUIO', NULL, 86, 1),
(880, 'PAZOS', NULL, 86, 1),
(881, 'QUISHUAR', NULL, 86, 1),
(882, 'SALCABAMBA', NULL, 86, 1),
(883, 'SALCAHUASI', NULL, 86, 1),
(884, 'SAN MARCOS DE ROCCHAC', NULL, 86, 1),
(885, 'SURCUBAMBA', NULL, 86, 1),
(886, 'TINTAY PUNCU', NULL, 86, 1),
(887, 'HUANUCO', NULL, 87, 1),
(888, 'AMARILIS', NULL, 87, 1),
(889, 'CHINCHAO', NULL, 87, 1),
(890, 'CHURUBAMBA', NULL, 87, 1),
(891, 'MARGOS', NULL, 87, 1),
(892, 'QUISQUI', NULL, 87, 1),
(893, 'SAN FRANCISCO DE CAYRAN', NULL, 87, 1),
(894, 'SAN PEDRO DE CHAULAN', NULL, 87, 1),
(895, 'SANTA MARIA DEL VALLE', NULL, 87, 1),
(896, 'YARUMAYO', NULL, 87, 1),
(897, 'PILLCO MARCA', NULL, 87, 1),
(898, 'AMBO', NULL, 88, 1),
(899, 'CAYNA', NULL, 88, 1),
(900, 'COLPAS', NULL, 88, 1),
(901, 'CONCHAMARCA', NULL, 88, 1),
(902, 'HUACAR', NULL, 88, 1),
(903, 'SAN FRANCISCO', NULL, 88, 1),
(904, 'SAN RAFAEL', NULL, 88, 1),
(905, 'TOMAY KICHWA', NULL, 88, 1),
(906, 'LA UNION', NULL, 89, 1),
(907, 'CHUQUIS', NULL, 89, 1),
(908, 'MARIAS', NULL, 89, 1),
(909, 'PACHAS', NULL, 89, 1),
(910, 'QUIVILLA', NULL, 89, 1),
(911, 'RIPAN', NULL, 89, 1),
(912, 'SHUNQUI', NULL, 89, 1),
(913, 'SILLAPATA', NULL, 89, 1),
(914, 'YANAS', NULL, 89, 1),
(915, 'HUACAYBAMBA', NULL, 90, 1),
(916, 'CANCHABAMBA', NULL, 90, 1),
(917, 'COCHABAMBA', NULL, 90, 1),
(918, 'PINRA', NULL, 90, 1),
(919, 'LLATA', NULL, 91, 1),
(920, 'ARANCAY', NULL, 91, 1),
(921, 'CHAVIN DE PARIARCA', NULL, 91, 1),
(922, 'JACAS GRANDE', NULL, 91, 1),
(923, 'JIRCAN', NULL, 91, 1),
(924, 'MIRAFLORES', NULL, 91, 1),
(925, 'MONZON', NULL, 91, 1),
(926, 'PUNCHAO', NULL, 91, 1),
(927, 'PU&Ntilde;OS', NULL, 91, 1),
(928, 'SINGA', NULL, 91, 1),
(929, 'TANTAMAYO', NULL, 91, 1),
(930, 'RUPA-RUPA', NULL, 92, 1),
(931, 'DANIEL ALOMIA ROBLES', NULL, 92, 1),
(932, 'HERMILIO VALDIZAN', NULL, 92, 1),
(933, 'JOSE CRESPO Y CASTILLO', NULL, 92, 1),
(934, 'LUYANDO', NULL, 92, 1),
(935, 'MARIANO DAMASO BERAUN', NULL, 92, 1),
(936, 'HUACRACHUCO', NULL, 93, 1),
(937, 'CHOLON', NULL, 93, 1),
(938, 'SAN BUENAVENTURA', NULL, 93, 1),
(939, 'PANAO', NULL, 94, 1),
(940, 'CHAGLLA', NULL, 94, 1),
(941, 'MOLINO', NULL, 94, 1),
(942, 'UMARI', NULL, 94, 1),
(943, 'PUERTO INCA', NULL, 95, 1),
(944, 'CODO DEL POZUZO', NULL, 95, 1),
(945, 'HONORIA', NULL, 95, 1),
(946, 'TOURNAVISTA', NULL, 95, 1),
(947, 'YUYAPICHIS', NULL, 95, 1),
(948, 'JESUS', NULL, 96, 1),
(949, 'BA&Ntilde;OS', NULL, 96, 1),
(950, 'JIVIA', NULL, 96, 1),
(951, 'QUEROPALCA', NULL, 96, 1),
(952, 'RONDOS', NULL, 96, 1),
(953, 'SAN FRANCISCO DE ASIS', NULL, 96, 1),
(954, 'SAN MIGUEL DE CAURI', NULL, 96, 1),
(955, 'CHAVINILLO', NULL, 97, 1),
(956, 'CAHUAC', NULL, 97, 1),
(957, 'CHACABAMBA', NULL, 97, 1),
(958, 'APARICIO POMARES', NULL, 97, 1),
(959, 'JACAS CHICO', NULL, 97, 1),
(960, 'OBAS', NULL, 97, 1),
(961, 'PAMPAMARCA', NULL, 97, 1),
(962, 'CHORAS', NULL, 97, 1),
(963, 'ICA', NULL, 98, 1),
(964, 'LA TINGUI&Ntilde;A', NULL, 98, 1),
(965, 'LOS AQUIJES', NULL, 98, 1),
(966, 'OCUCAJE', NULL, 98, 1),
(967, 'PACHACUTEC', NULL, 98, 1),
(968, 'PARCONA', NULL, 98, 1),
(969, 'PUEBLO NUEVO', NULL, 98, 1),
(970, 'SALAS', NULL, 98, 1),
(971, 'SAN JOSE DE LOS MOLINOS', NULL, 98, 1),
(972, 'SAN JUAN BAUTISTA', NULL, 98, 1),
(973, 'SANTIAGO', NULL, 98, 1),
(974, 'SUBTANJALLA', NULL, 98, 1),
(975, 'TATE', NULL, 98, 1),
(976, 'YAUCA DEL ROSARIO', NULL, 98, 1),
(977, 'CHINCHA ALTA', NULL, 99, 1),
(978, 'ALTO LARAN', NULL, 99, 1),
(979, 'CHAVIN', NULL, 99, 1),
(980, 'CHINCHA BAJA', NULL, 99, 1),
(981, 'EL CARMEN', NULL, 99, 1),
(982, 'GROCIO PRADO', NULL, 99, 1),
(983, 'PUEBLO NUEVO', NULL, 99, 1),
(984, 'SAN JUAN DE YANAC', NULL, 99, 1),
(985, 'SAN PEDRO DE HUACARPANA', NULL, 99, 1),
(986, 'SUNAMPE', NULL, 99, 1),
(987, 'TAMBO DE MORA', NULL, 99, 1),
(988, 'NAZCA', NULL, 100, 1),
(989, 'CHANGUILLO', NULL, 100, 1),
(990, 'EL INGENIO', NULL, 100, 1),
(991, 'MARCONA', NULL, 100, 1),
(992, 'VISTA ALEGRE', NULL, 100, 1),
(993, 'PALPA', NULL, 101, 1),
(994, 'LLIPATA', NULL, 101, 1),
(995, 'RIO GRANDE', NULL, 101, 1),
(996, 'SANTA CRUZ', NULL, 101, 1),
(997, 'TIBILLO', NULL, 101, 1),
(998, 'PISCO', NULL, 102, 1),
(999, 'HUANCANO', NULL, 102, 1),
(1000, 'HUMAY', NULL, 102, 1),
(1001, 'INDEPENDENCIA', NULL, 102, 1),
(1002, 'PARACAS', NULL, 102, 1),
(1003, 'SAN ANDRES', NULL, 102, 1),
(1004, 'SAN CLEMENTE', NULL, 102, 1),
(1005, 'TUPAC AMARU INCA', NULL, 102, 1),
(1006, 'HUANCAYO', NULL, 103, 1),
(1007, 'CARHUACALLANGA', NULL, 103, 1),
(1008, 'CHACAPAMPA', NULL, 103, 1),
(1009, 'CHICCHE', NULL, 103, 1),
(1010, 'CHILCA', NULL, 103, 1),
(1011, 'CHONGOS ALTO', NULL, 103, 1),
(1012, 'CHUPURO', NULL, 103, 1),
(1013, 'COLCA', NULL, 103, 1),
(1014, 'CULLHUAS', NULL, 103, 1),
(1015, 'EL TAMBO', NULL, 103, 1),
(1016, 'HUACRAPUQUIO', NULL, 103, 1),
(1017, 'HUALHUAS', NULL, 103, 1),
(1018, 'HUANCAN', NULL, 103, 1),
(1019, 'HUASICANCHA', NULL, 103, 1),
(1020, 'HUAYUCACHI', NULL, 103, 1),
(1021, 'INGENIO', NULL, 103, 1),
(1022, 'PARIAHUANCA', NULL, 103, 1),
(1023, 'PILCOMAYO', NULL, 103, 1),
(1024, 'PUCARA', NULL, 103, 1),
(1025, 'QUICHUAY', NULL, 103, 1),
(1026, 'QUILCAS', NULL, 103, 1),
(1027, 'SAN AGUSTIN', NULL, 103, 1),
(1028, 'SAN JERONIMO DE TUNAN', NULL, 103, 1),
(1029, 'SA&Ntilde;O', NULL, 103, 1),
(1030, 'SAPALLANGA', NULL, 103, 1),
(1031, 'SICAYA', NULL, 103, 1),
(1032, 'SANTO DOMINGO DE ACOBAMBA', NULL, 103, 1),
(1033, 'VIQUES', NULL, 103, 1),
(1034, 'CONCEPCION', NULL, 104, 1),
(1035, 'ACO', NULL, 104, 1),
(1036, 'ANDAMARCA', NULL, 104, 1),
(1037, 'CHAMBARA', NULL, 104, 1),
(1038, 'COCHAS', NULL, 104, 1),
(1039, 'COMAS', NULL, 104, 1),
(1040, 'HEROINAS TOLEDO', NULL, 104, 1),
(1041, 'MANZANARES', NULL, 104, 1),
(1042, 'MARISCAL CASTILLA', NULL, 104, 1),
(1043, 'MATAHUASI', NULL, 104, 1),
(1044, 'MITO', NULL, 104, 1),
(1045, 'NUEVE DE JULIO', NULL, 104, 1),
(1046, 'ORCOTUNA', NULL, 104, 1),
(1047, 'SAN JOSE DE QUERO', NULL, 104, 1),
(1048, 'SANTA ROSA DE OCOPA', NULL, 104, 1),
(1049, 'CHANCHAMAYO', NULL, 105, 1),
(1050, 'PERENE', NULL, 105, 1),
(1051, 'PICHANAQUI', NULL, 105, 1),
(1052, 'SAN LUIS DE SHUARO', NULL, 105, 1),
(1053, 'SAN RAMON', NULL, 105, 1),
(1054, 'VITOC', NULL, 105, 1),
(1055, 'JAUJA', NULL, 106, 1),
(1056, 'ACOLLA', NULL, 106, 1),
(1057, 'APATA', NULL, 106, 1),
(1058, 'ATAURA', NULL, 106, 1),
(1059, 'CANCHAYLLO', NULL, 106, 1),
(1060, 'CURICACA', NULL, 106, 1),
(1061, 'EL MANTARO', NULL, 106, 1),
(1062, 'HUAMALI', NULL, 106, 1),
(1063, 'HUARIPAMPA', NULL, 106, 1),
(1064, 'HUERTAS', NULL, 106, 1),
(1065, 'JANJAILLO', NULL, 106, 1),
(1066, 'JULCAN', NULL, 106, 1),
(1067, 'LEONOR ORDO&Ntilde;EZ', NULL, 106, 1),
(1068, 'LLOCLLAPAMPA', NULL, 106, 1),
(1069, 'MARCO', NULL, 106, 1),
(1070, 'MASMA', NULL, 106, 1),
(1071, 'MASMA CHICCHE', NULL, 106, 1),
(1072, 'MOLINOS', NULL, 106, 1),
(1073, 'MONOBAMBA', NULL, 106, 1),
(1074, 'MUQUI', NULL, 106, 1),
(1075, 'MUQUIYAUYO', NULL, 106, 1),
(1076, 'PACA', NULL, 106, 1),
(1077, 'PACCHA', NULL, 106, 1),
(1078, 'PANCAN', NULL, 106, 1),
(1079, 'PARCO', NULL, 106, 1),
(1080, 'POMACANCHA', NULL, 106, 1),
(1081, 'RICRAN', NULL, 106, 1),
(1082, 'SAN LORENZO', NULL, 106, 1),
(1083, 'SAN PEDRO DE CHUNAN', NULL, 106, 1),
(1084, 'SAUSA', NULL, 106, 1),
(1085, 'SINCOS', NULL, 106, 1),
(1086, 'TUNAN MARCA', NULL, 106, 1),
(1087, 'YAULI', NULL, 106, 1),
(1088, 'YAUYOS', NULL, 106, 1),
(1089, 'JUNIN', NULL, 107, 1),
(1090, 'CARHUAMAYO', NULL, 107, 1),
(1091, 'ONDORES', NULL, 107, 1),
(1092, 'ULCUMAYO', NULL, 107, 1),
(1093, 'SATIPO', NULL, 108, 1),
(1094, 'COVIRIALI', NULL, 108, 1),
(1095, 'LLAYLLA', NULL, 108, 1),
(1096, 'MAZAMARI', NULL, 108, 1),
(1097, 'PAMPA HERMOSA', NULL, 108, 1),
(1098, 'PANGOA', NULL, 108, 1),
(1099, 'RIO NEGRO', NULL, 108, 1),
(1100, 'RIO TAMBO', NULL, 108, 1),
(1101, 'TARMA', NULL, 109, 1),
(1102, 'ACOBAMBA', NULL, 109, 1),
(1103, 'HUARICOLCA', NULL, 109, 1),
(1104, 'HUASAHUASI', NULL, 109, 1),
(1105, 'LA UNION', NULL, 109, 1),
(1106, 'PALCA', NULL, 109, 1),
(1107, 'PALCAMAYO', NULL, 109, 1),
(1108, 'SAN PEDRO DE CAJAS', NULL, 109, 1),
(1109, 'TAPO', NULL, 109, 1),
(1110, 'LA OROYA', NULL, 110, 1),
(1111, 'CHACAPALPA', NULL, 110, 1),
(1112, 'HUAY-HUAY', NULL, 110, 1),
(1113, 'MARCAPOMACOCHA', NULL, 110, 1),
(1114, 'MOROCOCHA', NULL, 110, 1),
(1115, 'PACCHA', NULL, 110, 1),
(1116, 'SANTA BARBARA DE CARHUACAYAN', NULL, 110, 1),
(1117, 'SANTA ROSA DE SACCO', NULL, 110, 1),
(1118, 'SUITUCANCHA', NULL, 110, 1),
(1119, 'YAULI', NULL, 110, 1),
(1120, 'CHUPACA', NULL, 111, 1),
(1121, 'AHUAC', NULL, 111, 1),
(1122, 'CHONGOS BAJO', NULL, 111, 1),
(1123, 'HUACHAC', NULL, 111, 1),
(1124, 'HUAMANCACA CHICO', NULL, 111, 1),
(1125, 'SAN JUAN DE ISCOS', NULL, 111, 1),
(1126, 'SAN JUAN DE JARPA', NULL, 111, 1),
(1127, 'TRES DE DICIEMBRE', NULL, 111, 1),
(1128, 'YANACANCHA', NULL, 111, 1),
(1129, 'TRUJILLO', NULL, 112, 1),
(1130, 'EL PORVENIR', NULL, 112, 1),
(1131, 'FLORENCIA DE MORA', NULL, 112, 1),
(1132, 'HUANCHACO', NULL, 112, 1),
(1133, 'LA ESPERANZA', NULL, 112, 1),
(1134, 'LAREDO', NULL, 112, 1),
(1135, 'MOCHE', NULL, 112, 1),
(1136, 'POROTO', NULL, 112, 1),
(1137, 'SALAVERRY', NULL, 112, 1),
(1138, 'SIMBAL', NULL, 112, 1),
(1139, 'VICTOR LARCO HERRERA', NULL, 112, 1),
(1140, 'ASCOPE', NULL, 113, 1),
(1141, 'CHICAMA', NULL, 113, 1),
(1142, 'CHOCOPE', NULL, 113, 1),
(1143, 'MAGDALENA DE CAO', NULL, 113, 1),
(1144, 'PAIJAN', NULL, 113, 1),
(1145, 'RAZURI', NULL, 113, 1),
(1146, 'SANTIAGO DE CAO', NULL, 113, 1),
(1147, 'CASA GRANDE', NULL, 113, 1),
(1148, 'BOLIVAR', NULL, 114, 1),
(1149, 'BAMBAMARCA', NULL, 114, 1),
(1150, 'CONDORMARCA', NULL, 114, 1),
(1151, 'LONGOTEA', NULL, 114, 1),
(1152, 'UCHUMARCA', NULL, 114, 1),
(1153, 'UCUNCHA', NULL, 114, 1),
(1154, 'CHEPEN', NULL, 115, 1),
(1155, 'PACANGA', NULL, 115, 1),
(1156, 'PUEBLO NUEVO', NULL, 115, 1),
(1157, 'JULCAN', NULL, 116, 1),
(1158, 'CALAMARCA', NULL, 116, 1),
(1159, 'CARABAMBA', NULL, 116, 1),
(1160, 'HUASO', NULL, 116, 1),
(1161, 'OTUZCO', NULL, 117, 1),
(1162, 'AGALLPAMPA', NULL, 117, 1),
(1163, 'CHARAT', NULL, 117, 1),
(1164, 'HUARANCHAL', NULL, 117, 1),
(1165, 'LA CUESTA', NULL, 117, 1),
(1166, 'MACHE', NULL, 117, 1),
(1167, 'PARANDAY', NULL, 117, 1),
(1168, 'SALPO', NULL, 117, 1),
(1169, 'SINSICAP', NULL, 117, 1),
(1170, 'USQUIL', NULL, 117, 1),
(1171, 'SAN PEDRO DE LLOC', NULL, 118, 1),
(1172, 'GUADALUPE', NULL, 118, 1),
(1173, 'JEQUETEPEQUE', NULL, 118, 1),
(1174, 'PACASMAYO', NULL, 118, 1),
(1175, 'SAN JOSE', NULL, 118, 1),
(1176, 'TAYABAMBA', NULL, 119, 1),
(1177, 'BULDIBUYO', NULL, 119, 1),
(1178, 'CHILLIA', NULL, 119, 1),
(1179, 'HUANCASPATA', NULL, 119, 1),
(1180, 'HUAYLILLAS', NULL, 119, 1),
(1181, 'HUAYO', NULL, 119, 1),
(1182, 'ONGON', NULL, 119, 1),
(1183, 'PARCOY', NULL, 119, 1),
(1184, 'PATAZ', NULL, 119, 1),
(1185, 'PIAS', NULL, 119, 1),
(1186, 'SANTIAGO DE CHALLAS', NULL, 119, 1),
(1187, 'TAURIJA', NULL, 119, 1),
(1188, 'URPAY', NULL, 119, 1),
(1189, 'HUAMACHUCO', NULL, 120, 1),
(1190, 'CHUGAY', NULL, 120, 1),
(1191, 'COCHORCO', NULL, 120, 1),
(1192, 'CURGOS', NULL, 120, 1),
(1193, 'MARCABAL', NULL, 120, 1),
(1194, 'SANAGORAN', NULL, 120, 1),
(1195, 'SARIN', NULL, 120, 1),
(1196, 'SARTIMBAMBA', NULL, 120, 1),
(1197, 'SANTIAGO DE CHUCO', NULL, 121, 1),
(1198, 'ANGASMARCA', NULL, 121, 1),
(1199, 'CACHICADAN', NULL, 121, 1),
(1200, 'MOLLEBAMBA', NULL, 121, 1),
(1201, 'MOLLEPATA', NULL, 121, 1),
(1202, 'QUIRUVILCA', NULL, 121, 1),
(1203, 'SANTA CRUZ DE CHUCA', NULL, 121, 1),
(1204, 'SITABAMBA', NULL, 121, 1),
(1205, 'GRAN CHIMU', NULL, 122, 1),
(1206, 'CASCAS', NULL, 122, 1),
(1207, 'LUCMA', NULL, 122, 1),
(1208, 'MARMOT', NULL, 122, 1),
(1209, 'SAYAPULLO', NULL, 122, 1),
(1210, 'VIRU', NULL, 123, 1),
(1211, 'CHAO', NULL, 123, 1),
(1212, 'GUADALUPITO', NULL, 123, 1),
(1213, 'CHICLAYO', NULL, 124, 1),
(1214, 'CHONGOYAPE', NULL, 124, 1),
(1215, 'ETEN', NULL, 124, 1),
(1216, 'ETEN PUERTO', NULL, 124, 1),
(1217, 'JOSE LEONARDO ORTIZ', NULL, 124, 1),
(1218, 'LA VICTORIA', NULL, 124, 1),
(1219, 'LAGUNAS', NULL, 124, 1),
(1220, 'MONSEFU', NULL, 124, 1),
(1221, 'NUEVA ARICA', NULL, 124, 1),
(1222, 'OYOTUN', NULL, 124, 1),
(1223, 'PICSI', NULL, 124, 1),
(1224, 'PIMENTEL', NULL, 124, 1),
(1225, 'REQUE', NULL, 124, 1),
(1226, 'SANTA ROSA', NULL, 124, 1),
(1227, 'SA&Ntilde;A', NULL, 124, 1),
(1228, 'CAYALTI', NULL, 124, 1),
(1229, 'PATAPO', NULL, 124, 1),
(1230, 'POMALCA', NULL, 124, 1),
(1231, 'PUCALA', NULL, 124, 1),
(1232, 'TUMAN', NULL, 124, 1),
(1233, 'FERRE&Ntilde;AFE', NULL, 125, 1),
(1234, 'CA&Ntilde;ARIS', NULL, 125, 1),
(1235, 'INCAHUASI', NULL, 125, 1),
(1236, 'MANUEL ANTONIO MESONES MURO', NULL, 125, 1),
(1237, 'PITIPO', NULL, 125, 1),
(1238, 'PUEBLO NUEVO', NULL, 125, 1),
(1239, 'LAMBAYEQUE', NULL, 126, 1),
(1240, 'CHOCHOPE', NULL, 126, 1),
(1241, 'ILLIMO', NULL, 126, 1),
(1242, 'JAYANCA', NULL, 126, 1),
(1243, 'MOCHUMI', NULL, 126, 1),
(1244, 'MORROPE', NULL, 126, 1),
(1245, 'MOTUPE', NULL, 126, 1),
(1246, 'OLMOS', NULL, 126, 1),
(1247, 'PACORA', NULL, 126, 1),
(1248, 'SALAS', NULL, 126, 1),
(1249, 'SAN JOSE', NULL, 126, 1),
(1250, 'TUCUME', NULL, 126, 1),
(1251, 'LIMA', NULL, 127, 1),
(1252, 'ANCON', NULL, 127, 1),
(1253, 'ATE', NULL, 127, 1),
(1254, 'BARRANCO', NULL, 127, 1),
(1255, 'BRE&Ntilde;A', NULL, 127, 1),
(1256, 'CARABAYLLO', NULL, 127, 1),
(1257, 'CHACLACAYO', NULL, 127, 1),
(1258, 'CHORRILLOS', NULL, 127, 1),
(1259, 'CIENEGUILLA', NULL, 127, 1),
(1260, 'COMAS', NULL, 127, 1),
(1261, 'EL AGUSTINO', NULL, 127, 1),
(1262, 'INDEPENDENCIA', NULL, 127, 1),
(1263, 'JESUS MARIA', NULL, 127, 1),
(1264, 'LA MOLINA', NULL, 127, 1),
(1265, 'LA VICTORIA', NULL, 127, 1),
(1266, 'LINCE', NULL, 127, 1),
(1267, 'LOS OLIVOS', NULL, 127, 1),
(1268, 'LURIGANCHO', NULL, 127, 1),
(1269, 'LURIN', NULL, 127, 1),
(1270, 'MAGDALENA DEL MAR', NULL, 127, 1),
(1271, 'MAGDALENA VIEJA', NULL, 127, 1),
(1272, 'MIRAFLORES', NULL, 127, 1),
(1273, 'PACHACAMAC', NULL, 127, 1),
(1274, 'PUCUSANA', NULL, 127, 1),
(1275, 'PUENTE PIEDRA', NULL, 127, 1),
(1276, 'PUNTA HERMOSA', NULL, 127, 1),
(1277, 'PUNTA NEGRA', NULL, 127, 1),
(1278, 'RIMAC', NULL, 127, 1),
(1279, 'SAN BARTOLO', NULL, 127, 1),
(1280, 'SAN BORJA', NULL, 127, 1),
(1281, 'SAN ISIDRO', NULL, 127, 1),
(1282, 'SAN JUAN DE LURIGANCHO', NULL, 127, 1),
(1283, 'SAN JUAN DE MIRAFLORES', NULL, 127, 1),
(1284, 'SAN LUIS', NULL, 127, 1),
(1285, 'SAN MARTIN DE PORRES', NULL, 127, 1),
(1286, 'SAN MIGUEL', NULL, 127, 1),
(1287, 'SANTA ANITA', NULL, 127, 1),
(1288, 'SANTA MARIA DEL MAR', NULL, 127, 1),
(1289, 'SANTA ROSA', NULL, 127, 1),
(1290, 'SANTIAGO DE SURCO', NULL, 127, 1),
(1291, 'SURQUILLO', NULL, 127, 1),
(1292, 'VILLA EL SALVADOR', NULL, 127, 1),
(1293, 'VILLA MARIA DEL TRIUNFO', NULL, 127, 1),
(1294, 'BARRANCA', NULL, 128, 1),
(1295, 'PARAMONGA', NULL, 128, 1),
(1296, 'PATIVILCA', NULL, 128, 1),
(1297, 'SUPE', NULL, 128, 1),
(1298, 'SUPE PUERTO', NULL, 128, 1),
(1299, 'CAJATAMBO', NULL, 129, 1),
(1300, 'COPA', NULL, 129, 1),
(1301, 'GORGOR', NULL, 129, 1),
(1302, 'HUANCAPON', NULL, 129, 1),
(1303, 'MANAS', NULL, 129, 1),
(1304, 'CANTA', NULL, 130, 1),
(1305, 'ARAHUAY', NULL, 130, 1),
(1306, 'HUAMANTANGA', NULL, 130, 1),
(1307, 'HUAROS', NULL, 130, 1),
(1308, 'LACHAQUI', NULL, 130, 1),
(1309, 'SAN BUENAVENTURA', NULL, 130, 1),
(1310, 'SANTA ROSA DE QUIVES', NULL, 130, 1),
(1311, 'SAN VICENTE DE CA&Ntilde;ETE', NULL, 131, 1),
(1312, 'ASIA', NULL, 131, 1),
(1313, 'CALANGO', NULL, 131, 1),
(1314, 'CERRO AZUL', NULL, 131, 1),
(1315, 'CHILCA', NULL, 131, 1),
(1316, 'COAYLLO', NULL, 131, 1),
(1317, 'IMPERIAL', NULL, 131, 1),
(1318, 'LUNAHUANA', NULL, 131, 1),
(1319, 'MALA', NULL, 131, 1),
(1320, 'NUEVO IMPERIAL', NULL, 131, 1),
(1321, 'PACARAN', NULL, 131, 1),
(1322, 'QUILMANA', NULL, 131, 1),
(1323, 'SAN ANTONIO', NULL, 131, 1),
(1324, 'SAN LUIS', NULL, 131, 1),
(1325, 'SANTA CRUZ DE FLORES', NULL, 131, 1),
(1326, 'ZU&Ntilde;IGA', NULL, 131, 1),
(1327, 'HUARAL', NULL, 132, 1),
(1328, 'ATAVILLOS ALTO', NULL, 132, 1),
(1329, 'ATAVILLOS BAJO', NULL, 132, 1),
(1330, 'AUCALLAMA', NULL, 132, 1),
(1331, 'CHANCAY', NULL, 132, 1),
(1332, 'IHUARI', NULL, 132, 1),
(1333, 'LAMPIAN', NULL, 132, 1),
(1334, 'PACARAOS', NULL, 132, 1),
(1335, 'SAN MIGUEL DE ACOS', NULL, 132, 1),
(1336, 'SANTA CRUZ DE ANDAMARCA', NULL, 132, 1),
(1337, 'SUMBILCA', NULL, 132, 1),
(1338, 'VEINTISIETE DE NOVIEMBRE', NULL, 132, 1),
(1339, 'MATUCANA', NULL, 133, 1),
(1340, 'ANTIOQUIA', NULL, 133, 1),
(1341, 'CALLAHUANCA', NULL, 133, 1),
(1342, 'CARAMPOMA', NULL, 133, 1),
(1343, 'CHICLA', NULL, 133, 1),
(1344, 'CUENCA', NULL, 133, 1),
(1345, 'HUACHUPAMPA', NULL, 133, 1),
(1346, 'HUANZA', NULL, 133, 1),
(1347, 'HUAROCHIRI', NULL, 133, 1),
(1348, 'LAHUAYTAMBO', NULL, 133, 1),
(1349, 'LANGA', NULL, 133, 1),
(1350, 'LARAOS', NULL, 133, 1),
(1351, 'MARIATANA', NULL, 133, 1),
(1352, 'RICARDO PALMA', NULL, 133, 1),
(1353, 'SAN ANDRES DE TUPICOCHA', NULL, 133, 1),
(1354, 'SAN ANTONIO', NULL, 133, 1),
(1355, 'SAN BARTOLOME', NULL, 133, 1),
(1356, 'SAN DAMIAN', NULL, 133, 1),
(1357, 'SAN JUAN DE IRIS', NULL, 133, 1),
(1358, 'SAN JUAN DE TANTARANCHE', NULL, 133, 1),
(1359, 'SAN LORENZO DE QUINTI', NULL, 133, 1),
(1360, 'SAN MATEO', NULL, 133, 1),
(1361, 'SAN MATEO DE OTAO', NULL, 133, 1),
(1362, 'SAN PEDRO DE CASTA', NULL, 133, 1),
(1363, 'SAN PEDRO DE HUANCAYRE', NULL, 133, 1),
(1364, 'SANGALLAYA', NULL, 133, 1),
(1365, 'SANTA CRUZ DE COCACHACRA', NULL, 133, 1),
(1366, 'SANTA EULALIA', NULL, 133, 1),
(1367, 'SANTIAGO DE ANCHUCAYA', NULL, 133, 1),
(1368, 'SANTIAGO DE TUNA', NULL, 133, 1),
(1369, 'SANTO DOMINGO DE LOS OLLEROS', NULL, 133, 1),
(1370, 'SURCO', NULL, 133, 1),
(1371, 'HUACHO', NULL, 134, 1),
(1372, 'AMBAR', NULL, 134, 1),
(1373, 'CALETA DE CARQUIN', NULL, 134, 1),
(1374, 'CHECRAS', NULL, 134, 1),
(1375, 'HUALMAY', NULL, 134, 1),
(1376, 'HUAURA', NULL, 134, 1),
(1377, 'LEONCIO PRADO', NULL, 134, 1),
(1378, 'PACCHO', NULL, 134, 1),
(1379, 'SANTA LEONOR', NULL, 134, 1),
(1380, 'SANTA MARIA', NULL, 134, 1),
(1381, 'SAYAN', NULL, 134, 1),
(1382, 'VEGUETA', NULL, 134, 1),
(1383, 'OYON', NULL, 135, 1),
(1384, 'ANDAJES', NULL, 135, 1),
(1385, 'CAUJUL', NULL, 135, 1),
(1386, 'COCHAMARCA', NULL, 135, 1),
(1387, 'NAVAN', NULL, 135, 1),
(1388, 'PACHANGARA', NULL, 135, 1),
(1389, 'YAUYOS', NULL, 136, 1),
(1390, 'ALIS', NULL, 136, 1),
(1391, 'AYAUCA', NULL, 136, 1),
(1392, 'AYAVIRI', NULL, 136, 1),
(1393, 'AZANGARO', NULL, 136, 1),
(1394, 'CACRA', NULL, 136, 1),
(1395, 'CARANIA', NULL, 136, 1),
(1396, 'CATAHUASI', NULL, 136, 1),
(1397, 'CHOCOS', NULL, 136, 1),
(1398, 'COCHAS', NULL, 136, 1),
(1399, 'COLONIA', NULL, 136, 1),
(1400, 'HONGOS', NULL, 136, 1),
(1401, 'HUAMPARA', NULL, 136, 1),
(1402, 'HUANCAYA', NULL, 136, 1),
(1403, 'HUANGASCAR', NULL, 136, 1),
(1404, 'HUANTAN', NULL, 136, 1),
(1405, 'HUA&Ntilde;EC', NULL, 136, 1),
(1406, 'LARAOS', NULL, 136, 1),
(1407, 'LINCHA', NULL, 136, 1),
(1408, 'MADEAN', NULL, 136, 1),
(1409, 'MIRAFLORES', NULL, 136, 1),
(1410, 'OMAS', NULL, 136, 1),
(1411, 'PUTINZA', NULL, 136, 1),
(1412, 'QUINCHES', NULL, 136, 1),
(1413, 'QUINOCAY', NULL, 136, 1),
(1414, 'SAN JOAQUIN', NULL, 136, 1),
(1415, 'SAN PEDRO DE PILAS', NULL, 136, 1),
(1416, 'TANTA', NULL, 136, 1),
(1417, 'TAURIPAMPA', NULL, 136, 1),
(1418, 'TOMAS', NULL, 136, 1),
(1419, 'TUPE', NULL, 136, 1),
(1420, 'VI&Ntilde;AC', NULL, 136, 1),
(1421, 'VITIS', NULL, 136, 1),
(1422, 'IQUITOS', NULL, 137, 1),
(1423, 'ALTO NANAY', NULL, 137, 1),
(1424, 'FERNANDO LORES', NULL, 137, 1),
(1425, 'INDIANA', NULL, 137, 1),
(1426, 'LAS AMAZONAS', NULL, 137, 1),
(1427, 'MAZAN', NULL, 137, 1),
(1428, 'NAPO', NULL, 137, 1),
(1429, 'PUNCHANA', NULL, 137, 1),
(1430, 'PUTUMAYO', NULL, 137, 1),
(1431, 'TORRES CAUSANA', NULL, 137, 1),
(1432, 'BELEN', NULL, 137, 1),
(1433, 'SAN JUAN BAUTISTA', NULL, 137, 1),
(1434, 'YURIMAGUAS', NULL, 138, 1),
(1435, 'BALSAPUERTO', NULL, 138, 1),
(1436, 'BARRANCA', NULL, 138, 1),
(1437, 'CAHUAPANAS', NULL, 138, 1),
(1438, 'JEBEROS', NULL, 138, 1),
(1439, 'LAGUNAS', NULL, 138, 1),
(1440, 'MANSERICHE', NULL, 138, 1),
(1441, 'MORONA', NULL, 138, 1),
(1442, 'PASTAZA', NULL, 138, 1),
(1443, 'SANTA CRUZ', NULL, 138, 1),
(1444, 'TENIENTE CESAR LOPEZ ROJAS', NULL, 138, 1),
(1445, 'NAUTA', NULL, 139, 1),
(1446, 'PARINARI', NULL, 139, 1),
(1447, 'TIGRE', NULL, 139, 1),
(1448, 'TROMPETEROS', NULL, 139, 1),
(1449, 'URARINAS', NULL, 139, 1),
(1450, 'RAMON CASTILLA', NULL, 140, 1),
(1451, 'PEBAS', NULL, 140, 1),
(1452, 'YAVARI', NULL, 140, 1),
(1453, 'SAN PABLO', NULL, 140, 1),
(1454, 'REQUENA', NULL, 141, 1),
(1455, 'ALTO TAPICHE', NULL, 141, 1),
(1456, 'CAPELO', NULL, 141, 1),
(1457, 'EMILIO SAN MARTIN', NULL, 141, 1),
(1458, 'MAQUIA', NULL, 141, 1),
(1459, 'PUINAHUA', NULL, 141, 1),
(1460, 'SAQUENA', NULL, 141, 1),
(1461, 'SOPLIN', NULL, 141, 1),
(1462, 'TAPICHE', NULL, 141, 1),
(1463, 'JENARO HERRERA', NULL, 141, 1),
(1464, 'YAQUERANA', NULL, 141, 1),
(1465, 'CONTAMANA', NULL, 142, 1),
(1466, 'INAHUAYA', NULL, 142, 1),
(1467, 'PADRE MARQUEZ', NULL, 142, 1),
(1468, 'PAMPA HERMOSA', NULL, 142, 1),
(1469, 'SARAYACU', NULL, 142, 1),
(1470, 'VARGAS GUERRA', NULL, 142, 1),
(1471, 'TAMBOPATA', NULL, 143, 1),
(1472, 'INAMBARI', NULL, 143, 1),
(1473, 'LAS PIEDRAS', NULL, 143, 1),
(1474, 'LABERINTO', NULL, 143, 1),
(1475, 'MANU', NULL, 144, 1),
(1476, 'FITZCARRALD', NULL, 144, 1),
(1477, 'MADRE DE DIOS', NULL, 144, 1),
(1478, 'HUEPETUHE', NULL, 144, 1),
(1479, 'I&Ntilde;APARI', NULL, 145, 1),
(1480, 'IBERIA', NULL, 145, 1),
(1481, 'TAHUAMANU', NULL, 145, 1),
(1482, 'MOQUEGUA', NULL, 146, 1),
(1483, 'CARUMAS', NULL, 146, 1),
(1484, 'CUCHUMBAYA', NULL, 146, 1),
(1485, 'SAMEGUA', NULL, 146, 1),
(1486, 'SAN CRISTOBAL', NULL, 146, 1),
(1487, 'TORATA', NULL, 146, 1),
(1488, 'OMATE', NULL, 147, 1),
(1489, 'CHOJATA', NULL, 147, 1),
(1490, 'COALAQUE', NULL, 147, 1),
(1491, 'ICHU&Ntilde;A', NULL, 147, 1),
(1492, 'LA CAPILLA', NULL, 147, 1),
(1493, 'LLOQUE', NULL, 147, 1),
(1494, 'MATALAQUE', NULL, 147, 1),
(1495, 'PUQUINA', NULL, 147, 1),
(1496, 'QUINISTAQUILLAS', NULL, 147, 1),
(1497, 'UBINAS', NULL, 147, 1),
(1498, 'YUNGA', NULL, 147, 1),
(1499, 'ILO', NULL, 148, 1),
(1500, 'EL ALGARROBAL', NULL, 148, 1),
(1501, 'PACOCHA', NULL, 148, 1),
(1502, 'CHAUPIMARCA', NULL, 149, 1),
(1503, 'HUACHON', NULL, 149, 1),
(1504, 'HUARIACA', NULL, 149, 1),
(1505, 'HUAYLLAY', NULL, 149, 1),
(1506, 'NINACACA', NULL, 149, 1),
(1507, 'PALLANCHACRA', NULL, 149, 1),
(1508, 'PAUCARTAMBO', NULL, 149, 1),
(1509, 'SAN FCO.DE ASIS DE YARUSYACAN', NULL, 149, 1),
(1510, 'SIMON BOLIVAR', NULL, 149, 1),
(1511, 'TICLACAYAN', NULL, 149, 1),
(1512, 'TINYAHUARCO', NULL, 149, 1),
(1513, 'VICCO', NULL, 149, 1),
(1514, 'YANACANCHA', NULL, 149, 1),
(1515, 'YANAHUANCA', NULL, 150, 1),
(1516, 'CHACAYAN', NULL, 150, 1),
(1517, 'GOYLLARISQUIZGA', NULL, 150, 1),
(1518, 'PAUCAR', NULL, 150, 1),
(1519, 'SAN PEDRO DE PILLAO', NULL, 150, 1),
(1520, 'SANTA ANA DE TUSI', NULL, 150, 1),
(1521, 'TAPUC', NULL, 150, 1),
(1522, 'VILCABAMBA', NULL, 150, 1),
(1523, 'OXAPAMPA', NULL, 151, 1),
(1524, 'CHONTABAMBA', NULL, 151, 1),
(1525, 'HUANCABAMBA', NULL, 151, 1),
(1526, 'PALCAZU', NULL, 151, 1),
(1527, 'POZUZO', NULL, 151, 1),
(1528, 'PUERTO BERMUDEZ', NULL, 151, 1),
(1529, 'VILLA RICA', NULL, 151, 1),
(1530, 'PIURA', NULL, 152, 1),
(1531, 'CASTILLA', NULL, 152, 1),
(1532, 'CATACAOS', NULL, 152, 1),
(1533, 'CURA MORI', NULL, 152, 1),
(1534, 'EL TALLAN', NULL, 152, 1),
(1535, 'LA ARENA', NULL, 152, 1),
(1536, 'LA UNION', NULL, 152, 1),
(1537, 'LAS LOMAS', NULL, 152, 1),
(1538, 'TAMBO GRANDE', NULL, 152, 1),
(1539, 'AYABACA', NULL, 153, 1),
(1540, 'FRIAS', NULL, 153, 1),
(1541, 'JILILI', NULL, 153, 1),
(1542, 'LAGUNAS', NULL, 153, 1),
(1543, 'MONTERO', NULL, 153, 1),
(1544, 'PACAIPAMPA', NULL, 153, 1),
(1545, 'PAIMAS', NULL, 153, 1),
(1546, 'SAPILLICA', NULL, 153, 1),
(1547, 'SICCHEZ', NULL, 153, 1),
(1548, 'SUYO', NULL, 153, 1),
(1549, 'HUANCABAMBA', NULL, 154, 1),
(1550, 'CANCHAQUE', NULL, 154, 1),
(1551, 'EL CARMEN DE LA FRONTERA', NULL, 154, 1),
(1552, 'HUARMACA', NULL, 154, 1),
(1553, 'LALAQUIZ', NULL, 154, 1),
(1554, 'SAN MIGUEL DE EL FAIQUE', NULL, 154, 1),
(1555, 'SONDOR', NULL, 154, 1),
(1556, 'SONDORILLO', NULL, 154, 1),
(1557, 'CHULUCANAS', NULL, 155, 1),
(1558, 'BUENOS AIRES', NULL, 155, 1),
(1559, 'CHALACO', NULL, 155, 1),
(1560, 'LA MATANZA', NULL, 155, 1),
(1561, 'MORROPON', NULL, 155, 1);
INSERT INTO `distrito` (`id_distrito`, `descripcion`, `observacion`, `id_provincia`, `estado`) VALUES
(1562, 'SALITRAL', NULL, 155, 1),
(1563, 'SAN JUAN DE BIGOTE', NULL, 155, 1),
(1564, 'SANTA CATALINA DE MOSSA', NULL, 155, 1),
(1565, 'SANTO DOMINGO', NULL, 155, 1),
(1566, 'YAMANGO', NULL, 155, 1),
(1567, 'PAITA', NULL, 156, 1),
(1568, 'AMOTAPE', NULL, 156, 1),
(1569, 'ARENAL', NULL, 156, 1),
(1570, 'COLAN', NULL, 156, 1),
(1571, 'LA HUACA', NULL, 156, 1),
(1572, 'TAMARINDO', NULL, 156, 1),
(1573, 'VICHAYAL', NULL, 156, 1),
(1574, 'SULLANA', NULL, 157, 1),
(1575, 'BELLAVISTA', NULL, 157, 1),
(1576, 'IGNACIO ESCUDERO', NULL, 157, 1),
(1577, 'LANCONES', NULL, 157, 1),
(1578, 'MARCAVELICA', NULL, 157, 1),
(1579, 'MIGUEL CHECA', NULL, 157, 1),
(1580, 'QUERECOTILLO', NULL, 157, 1),
(1581, 'SALITRAL', NULL, 157, 1),
(1582, 'PARI&Ntilde;AS', NULL, 158, 1),
(1583, 'EL ALTO', NULL, 158, 1),
(1584, 'LA BREA', NULL, 158, 1),
(1585, 'LOBITOS', NULL, 158, 1),
(1586, 'LOS ORGANOS', NULL, 158, 1),
(1587, 'MANCORA', NULL, 158, 1),
(1588, 'SECHURA', NULL, 159, 1),
(1589, 'BELLAVISTA DE LA UNION', NULL, 159, 1),
(1590, 'BERNAL', NULL, 159, 1),
(1591, 'CRISTO NOS VALGA', NULL, 159, 1),
(1592, 'VICE', NULL, 159, 1),
(1593, 'RINCONADA LLICUAR', NULL, 159, 1),
(1594, 'PUNO', NULL, 160, 1),
(1595, 'ACORA', NULL, 160, 1),
(1596, 'AMANTANI', NULL, 160, 1),
(1597, 'ATUNCOLLA', NULL, 160, 1),
(1598, 'CAPACHICA', NULL, 160, 1),
(1599, 'CHUCUITO', NULL, 160, 1),
(1600, 'COATA', NULL, 160, 1),
(1601, 'HUATA', NULL, 160, 1),
(1602, 'MA&Ntilde;AZO', NULL, 160, 1),
(1603, 'PAUCARCOLLA', NULL, 160, 1),
(1604, 'PICHACANI', NULL, 160, 1),
(1605, 'PLATERIA', NULL, 160, 1),
(1606, 'SAN ANTONIO', NULL, 160, 1),
(1607, 'TIQUILLACA', NULL, 160, 1),
(1608, 'VILQUE', NULL, 160, 1),
(1609, 'AZANGARO', NULL, 161, 1),
(1610, 'ACHAYA', NULL, 161, 1),
(1611, 'ARAPA', NULL, 161, 1),
(1612, 'ASILLO', NULL, 161, 1),
(1613, 'CAMINACA', NULL, 161, 1),
(1614, 'CHUPA', NULL, 161, 1),
(1615, 'JOSE DOMINGO CHOQUEHUANCA', NULL, 161, 1),
(1616, 'MU&Ntilde;ANI', NULL, 161, 1),
(1617, 'POTONI', NULL, 161, 1),
(1618, 'SAMAN', NULL, 161, 1),
(1619, 'SAN ANTON', NULL, 161, 1),
(1620, 'SAN JOSE', NULL, 161, 1),
(1621, 'SAN JUAN DE SALINAS', NULL, 161, 1),
(1622, 'SANTIAGO DE PUPUJA', NULL, 161, 1),
(1623, 'TIRAPATA', NULL, 161, 1),
(1624, 'MACUSANI', NULL, 162, 1),
(1625, 'AJOYANI', NULL, 162, 1),
(1626, 'AYAPATA', NULL, 162, 1),
(1627, 'COASA', NULL, 162, 1),
(1628, 'CORANI', NULL, 162, 1),
(1629, 'CRUCERO', NULL, 162, 1),
(1630, 'ITUATA', NULL, 162, 1),
(1631, 'OLLACHEA', NULL, 162, 1),
(1632, 'SAN GABAN', NULL, 162, 1),
(1633, 'USICAYOS', NULL, 162, 1),
(1634, 'JULI', NULL, 163, 1),
(1635, 'DESAGUADERO', NULL, 163, 1),
(1636, 'HUACULLANI', NULL, 163, 1),
(1637, 'KELLUYO', NULL, 163, 1),
(1638, 'PISACOMA', NULL, 163, 1),
(1639, 'POMATA', NULL, 163, 1),
(1640, 'ZEPITA', NULL, 163, 1),
(1641, 'ILAVE', NULL, 164, 1),
(1642, 'CAPAZO', NULL, 164, 1),
(1643, 'PILCUYO', NULL, 164, 1),
(1644, 'SANTA ROSA', NULL, 164, 1),
(1645, 'CONDURIRI', NULL, 164, 1),
(1646, 'HUANCANE', NULL, 165, 1),
(1647, 'COJATA', NULL, 165, 1),
(1648, 'HUATASANI', NULL, 165, 1),
(1649, 'INCHUPALLA', NULL, 165, 1),
(1650, 'PUSI', NULL, 165, 1),
(1651, 'ROSASPATA', NULL, 165, 1),
(1652, 'TARACO', NULL, 165, 1),
(1653, 'VILQUE CHICO', NULL, 165, 1),
(1654, 'LAMPA', NULL, 166, 1),
(1655, 'CABANILLA', NULL, 166, 1),
(1656, 'CALAPUJA', NULL, 166, 1),
(1657, 'NICASIO', NULL, 166, 1),
(1658, 'OCUVIRI', NULL, 166, 1),
(1659, 'PALCA', NULL, 166, 1),
(1660, 'PARATIA', NULL, 166, 1),
(1661, 'PUCARA', NULL, 166, 1),
(1662, 'SANTA LUCIA', NULL, 166, 1),
(1663, 'VILAVILA', NULL, 166, 1),
(1664, 'AYAVIRI', NULL, 167, 1),
(1665, 'ANTAUTA', NULL, 167, 1),
(1666, 'CUPI', NULL, 167, 1),
(1667, 'LLALLI', NULL, 167, 1),
(1668, 'MACARI', NULL, 167, 1),
(1669, 'NU&Ntilde;OA', NULL, 167, 1),
(1670, 'ORURILLO', NULL, 167, 1),
(1671, 'SANTA ROSA', NULL, 167, 1),
(1672, 'UMACHIRI', NULL, 167, 1),
(1673, 'MOHO', NULL, 168, 1),
(1674, 'CONIMA', NULL, 168, 1),
(1675, 'HUAYRAPATA', NULL, 168, 1),
(1676, 'TILALI', NULL, 168, 1),
(1677, 'PUTINA', NULL, 169, 1),
(1678, 'ANANEA', NULL, 169, 1),
(1679, 'PEDRO VILCA APAZA', NULL, 169, 1),
(1680, 'QUILCAPUNCU', NULL, 169, 1),
(1681, 'SINA', NULL, 169, 1),
(1682, 'JULIACA', NULL, 170, 1),
(1683, 'CABANA', NULL, 170, 1),
(1684, 'CABANILLAS', NULL, 170, 1),
(1685, 'CARACOTO', NULL, 170, 1),
(1686, 'SANDIA', NULL, 171, 1),
(1687, 'CUYOCUYO', NULL, 171, 1),
(1688, 'LIMBANI', NULL, 171, 1),
(1689, 'PATAMBUCO', NULL, 171, 1),
(1690, 'PHARA', NULL, 171, 1),
(1691, 'QUIACA', NULL, 171, 1),
(1692, 'SAN JUAN DEL ORO', NULL, 171, 1),
(1693, 'YANAHUAYA', NULL, 171, 1),
(1694, 'ALTO INAMBARI', NULL, 171, 1),
(1695, 'YUNGUYO', NULL, 172, 1),
(1696, 'ANAPIA', NULL, 172, 1),
(1697, 'COPANI', NULL, 172, 1),
(1698, 'CUTURAPI', NULL, 172, 1),
(1699, 'OLLARAYA', NULL, 172, 1),
(1700, 'TINICACHI', NULL, 172, 1),
(1701, 'UNICACHI', NULL, 172, 1),
(1702, 'MOYOBAMBA', NULL, 173, 1),
(1703, 'CALZADA', NULL, 173, 1),
(1704, 'HABANA', NULL, 173, 1),
(1705, 'JEPELACIO', NULL, 173, 1),
(1706, 'SORITOR', NULL, 173, 1),
(1707, 'YANTALO', NULL, 173, 1),
(1708, 'BELLAVISTA', NULL, 174, 1),
(1709, 'ALTO BIAVO', NULL, 174, 1),
(1710, 'BAJO BIAVO', NULL, 174, 1),
(1711, 'HUALLAGA', NULL, 174, 1),
(1712, 'SAN PABLO', NULL, 174, 1),
(1713, 'SAN RAFAEL', NULL, 174, 1),
(1714, 'SAN JOSE DE SISA', NULL, 175, 1),
(1715, 'AGUA BLANCA', NULL, 175, 1),
(1716, 'SAN MARTIN', NULL, 175, 1),
(1717, 'SANTA ROSA', NULL, 175, 1),
(1718, 'SHATOJA', NULL, 175, 1),
(1719, 'SAPOSOA', NULL, 176, 1),
(1720, 'ALTO SAPOSOA', NULL, 176, 1),
(1721, 'EL ESLABON', NULL, 176, 1),
(1722, 'PISCOYACU', NULL, 176, 1),
(1723, 'SACANCHE', NULL, 176, 1),
(1724, 'TINGO DE SAPOSOA', NULL, 176, 1),
(1725, 'LAMAS', NULL, 177, 1),
(1726, 'ALONSO DE ALVARADO', NULL, 177, 1),
(1727, 'BARRANQUITA', NULL, 177, 1),
(1728, 'CAYNARACHI', NULL, 177, 1),
(1729, 'CU&Ntilde;UMBUQUI', NULL, 177, 1),
(1730, 'PINTO RECODO', NULL, 177, 1),
(1731, 'RUMISAPA', NULL, 177, 1),
(1732, 'SAN ROQUE DE CUMBAZA', NULL, 177, 1),
(1733, 'SHANAO', NULL, 177, 1),
(1734, 'TABALOSOS', NULL, 177, 1),
(1735, 'ZAPATERO', NULL, 177, 1),
(1736, 'JUANJUI', NULL, 178, 1),
(1737, 'CAMPANILLA', NULL, 178, 1),
(1738, 'HUICUNGO', NULL, 178, 1),
(1739, 'PACHIZA', NULL, 178, 1),
(1740, 'PAJARILLO', NULL, 178, 1),
(1741, 'PICOTA', NULL, 179, 1),
(1742, 'BUENOS AIRES', NULL, 179, 1),
(1743, 'CASPISAPA', NULL, 179, 1),
(1744, 'PILLUANA', NULL, 179, 1),
(1745, 'PUCACACA', NULL, 179, 1),
(1746, 'SAN CRISTOBAL', NULL, 179, 1),
(1747, 'SAN HILARION', NULL, 179, 1),
(1748, 'SHAMBOYACU', NULL, 179, 1),
(1749, 'TINGO DE PONASA', NULL, 179, 1),
(1750, 'TRES UNIDOS', NULL, 179, 1),
(1751, 'RIOJA', NULL, 180, 1),
(1752, 'AWAJUN', NULL, 180, 1),
(1753, 'ELIAS SOPLIN VARGAS', NULL, 180, 1),
(1754, 'NUEVA CAJAMARCA', NULL, 180, 1),
(1755, 'PARDO MIGUEL', NULL, 180, 1),
(1756, 'POSIC', NULL, 180, 1),
(1757, 'SAN FERNANDO', NULL, 180, 1),
(1758, 'YORONGOS', NULL, 180, 1),
(1759, 'YURACYACU', NULL, 180, 1),
(1760, 'TARAPOTO', NULL, 181, 1),
(1761, 'ALBERTO LEVEAU', NULL, 181, 1),
(1762, 'CACATACHI', NULL, 181, 1),
(1763, 'CHAZUTA', NULL, 181, 1),
(1764, 'CHIPURANA', NULL, 181, 1),
(1765, 'EL PORVENIR', NULL, 181, 1),
(1766, 'HUIMBAYOC', NULL, 181, 1),
(1767, 'JUAN GUERRA', NULL, 181, 1),
(1768, 'LA BANDA DE SHILCAYO', NULL, 181, 1),
(1769, 'MORALES', NULL, 181, 1),
(1770, 'PAPAPLAYA', NULL, 181, 1),
(1771, 'SAN ANTONIO', NULL, 181, 1),
(1772, 'SAUCE', NULL, 181, 1),
(1773, 'SHAPAJA', NULL, 181, 1),
(1774, 'TOCACHE', NULL, 182, 1),
(1775, 'NUEVO PROGRESO', NULL, 182, 1),
(1776, 'POLVORA', NULL, 182, 1),
(1777, 'SHUNTE', NULL, 182, 1),
(1778, 'UCHIZA', NULL, 182, 1),
(1779, 'TACNA', NULL, 183, 1),
(1780, 'ALTO DE LA ALIANZA', NULL, 183, 1),
(1781, 'CALANA', NULL, 183, 1),
(1782, 'CIUDAD NUEVA', NULL, 183, 1),
(1783, 'INCLAN', NULL, 183, 1),
(1784, 'PACHIA', NULL, 183, 1),
(1785, 'PALCA', NULL, 183, 1),
(1786, 'POCOLLAY', NULL, 183, 1),
(1787, 'SAMA', NULL, 183, 1),
(1788, 'CORONEL GREGORIO ALBARRACIN LANCHIPA', NULL, 183, 1),
(1789, 'CANDARAVE', NULL, 184, 1),
(1790, 'CAIRANI', NULL, 184, 1),
(1791, 'CAMILACA', NULL, 184, 1),
(1792, 'CURIBAYA', NULL, 184, 1),
(1793, 'HUANUARA', NULL, 184, 1),
(1794, 'QUILAHUANI', NULL, 184, 1),
(1795, 'LOCUMBA', NULL, 185, 1),
(1796, 'ILABAYA', NULL, 185, 1),
(1797, 'ITE', NULL, 185, 1),
(1798, 'TARATA', NULL, 186, 1),
(1799, 'CHUCATAMANI', NULL, 186, 1),
(1800, 'ESTIQUE', NULL, 186, 1),
(1801, 'ESTIQUE-PAMPA', NULL, 186, 1),
(1802, 'SITAJARA', NULL, 186, 1),
(1803, 'SUSAPAYA', NULL, 186, 1),
(1804, 'TARUCACHI', NULL, 186, 1),
(1805, 'TICACO', NULL, 186, 1),
(1806, 'TUMBES', NULL, 187, 1),
(1807, 'CORRALES', NULL, 187, 1),
(1808, 'LA CRUZ', NULL, 187, 1),
(1809, 'PAMPAS DE HOSPITAL', NULL, 187, 1),
(1810, 'SAN JACINTO', NULL, 187, 1),
(1811, 'SAN JUAN DE LA VIRGEN', NULL, 187, 1),
(1812, 'ZORRITOS', NULL, 188, 1),
(1813, 'CASITAS', NULL, 188, 1),
(1814, 'ZARUMILLA', NULL, 189, 1),
(1815, 'AGUAS VERDES', NULL, 189, 1),
(1816, 'MATAPALO', NULL, 189, 1),
(1817, 'PAPAYAL', NULL, 189, 1),
(1818, 'CALLERIA', NULL, 190, 1),
(1819, 'CAMPOVERDE', NULL, 190, 1),
(1820, 'IPARIA', NULL, 190, 1),
(1821, 'MASISEA', NULL, 190, 1),
(1822, 'YARINACOCHA', NULL, 190, 1),
(1823, 'NUEVA REQUENA', NULL, 190, 1),
(1824, 'RAYMONDI', NULL, 191, 1),
(1825, 'SEPAHUA', NULL, 191, 1),
(1826, 'TAHUANIA', NULL, 191, 1),
(1827, 'YURUA', NULL, 191, 1),
(1828, 'PADRE ABAD', NULL, 192, 1),
(1829, 'IRAZOLA', NULL, 192, 1),
(1830, 'CURIMANA', NULL, 192, 1),
(1831, 'PURUS', NULL, 193, 1),
(1832, 'ANDRES AVELINO CACERES', NULL, 43, 1),
(1833, 'Callao (Cercado) ', NULL, 66, 1),
(1834, 'Bellavista ', NULL, 66, 1),
(1835, 'Carmen de La Legua-Reynoso', NULL, 66, 1),
(1836, 'La Perla ', NULL, 66, 1),
(1837, 'La Punta ', NULL, 66, 1),
(1838, 'Ventanilla ', NULL, 66, 1),
(1839, 'Mi Perú \r\n\r\n\r\nMi Perú \r\n\r\n\r\nMi Perú \r\n\r\n\r\nMi Perú ', NULL, 66, 1);

-- --------------------------------------------------------

--
-- Estructura de tabla para la tabla `especie`
--

CREATE TABLE `especie` (
  `especie_id` int(11) NOT NULL,
  `genero_id` int(11) DEFAULT NULL,
  `especie_descripcion` varchar(255) DEFAULT NULL,
  `especie_estado` int(255) DEFAULT '1'
) ENGINE=InnoDB DEFAULT CHARSET=latin1 ROW_FORMAT=DYNAMIC;

-- --------------------------------------------------------

--
-- Estructura de tabla para la tabla `estado_recoleccion`
--

CREATE TABLE `estado_recoleccion` (
  `estado_recoleccion_id` int(11) NOT NULL,
  `estado_recoleccion_descripcion` varchar(255) DEFAULT NULL,
  `estado_recoleccion_estado` int(255) DEFAULT '1'
) ENGINE=InnoDB DEFAULT CHARSET=latin1 ROW_FORMAT=DYNAMIC;

--
-- Volcado de datos para la tabla `estado_recoleccion`
--

INSERT INTO `estado_recoleccion` (`estado_recoleccion_id`, `estado_recoleccion_descripcion`, `estado_recoleccion_estado`) VALUES
(1, 'espontaneo', 1);

-- --------------------------------------------------------

--
-- Estructura de tabla para la tabla `familia`
--

CREATE TABLE `familia` (
  `familia_id` int(11) NOT NULL,
  `familia_descripcion` varchar(255) DEFAULT NULL,
  `familia_estado` int(255) DEFAULT '1'
) ENGINE=InnoDB DEFAULT CHARSET=latin1 ROW_FORMAT=DYNAMIC;

-- --------------------------------------------------------

--
-- Estructura de tabla para la tabla `foto`
--

CREATE TABLE `foto` (
  `foto_id` int(11) NOT NULL,
  `foto_nombre` text,
  `foto_descripcion` varchar(255) DEFAULT NULL,
  `foto_estado` int(255) DEFAULT '1',
  `usu_id` int(11) DEFAULT NULL
) ENGINE=InnoDB DEFAULT CHARSET=latin1 ROW_FORMAT=DYNAMIC;

-- --------------------------------------------------------

--
-- Estructura de tabla para la tabla `genero`
--

CREATE TABLE `genero` (
  `genero_id` int(255) NOT NULL,
  `subtribu_id` int(255) DEFAULT NULL,
  `genero_descripcion` varchar(255) DEFAULT NULL,
  `genero_estado` int(255) DEFAULT '1'
) ENGINE=InnoDB DEFAULT CHARSET=latin1 ROW_FORMAT=DYNAMIC;

-- --------------------------------------------------------

--
-- Estructura de tabla para la tabla `herborizacion`
--

CREATE TABLE `herborizacion` (
  `herborizacion_id` int(11) NOT NULL,
  `herborizacion_codigo_coleta` varchar(255) DEFAULT NULL,
  `herborizacion_numero_extraccion` varchar(255) DEFAULT NULL,
  `herborizacion_numero_herborizado` varchar(255) DEFAULT NULL,
  `herborizacion_numero_accession` varchar(255) DEFAULT NULL,
  `herborizacion_ecotipo_cv_sexo` varchar(255) DEFAULT NULL,
  `estado_recoleccion_id` int(11) DEFAULT NULL,
  `herborizacion_lugar_colecta` varchar(255) DEFAULT NULL,
  `pais_id` int(11) DEFAULT NULL,
  `id_distrito` int(255) DEFAULT NULL,
  `id_provincia` int(255) DEFAULT NULL,
  `id_departamento` int(255) DEFAULT NULL,
  `herborizacion_fecha` date DEFAULT NULL,
  `herborizacion_numero_sobre` varchar(255) DEFAULT NULL,
  `herborizacion_numero_bolsa` varchar(255) DEFAULT NULL,
  `herborizacion_numero_caja` varchar(255) DEFAULT NULL,
  `herborizacion_foto` text,
  `herborizacion_observacion` varchar(255) DEFAULT NULL,
  `genero_id` int(11) DEFAULT NULL,
  `subtribu_id` int(11) DEFAULT NULL,
  `tribu_id` int(11) DEFAULT NULL,
  `familia_id` int(11) DEFAULT NULL,
  `usu_id` int(11) DEFAULT NULL,
  `herborizacion_estado` int(255) DEFAULT '1',
  `herborizacion_fecha_registro` datetime DEFAULT NULL,
  `especie_id` int(11) DEFAULT NULL,
  `congeambiente_id` int(11) DEFAULT NULL
) ENGINE=InnoDB DEFAULT CHARSET=latin1 ROW_FORMAT=DYNAMIC;

-- --------------------------------------------------------

--
-- Estructura de tabla para la tabla `modulo`
--

CREATE TABLE `modulo` (
  `mod_id` int(11) NOT NULL,
  `mod_descripcion` varchar(100) DEFAULT NULL,
  `mod_url` varchar(50) DEFAULT NULL,
  `mod_padre` int(11) DEFAULT NULL,
  `mod_orden` int(11) DEFAULT NULL,
  `mod_icono` varchar(50) DEFAULT NULL,
  `mod_estado` int(11) DEFAULT '1'
) ENGINE=InnoDB DEFAULT CHARSET=latin1 ROW_FORMAT=DYNAMIC;

--
-- Volcado de datos para la tabla `modulo`
--

INSERT INTO `modulo` (`mod_id`, `mod_descripcion`, `mod_url`, `mod_padre`, `mod_orden`, `mod_icono`, `mod_estado`) VALUES
(1, 'Mantenimiento', '#', 0, 9, 'icon-home', 0),
(2, 'Categoria', 'Categoria', 1, 1, NULL, 0),
(3, 'Grado', 'Grado', 1, 1, NULL, 0),
(4, 'Tipo de Norma', 'Tipo_norma', 1, 1, NULL, 0),
(5, 'Especialidad', 'Especialidad', 1, 1, NULL, 0),
(6, 'Sede', 'Sede', 1, 1, NULL, 0),
(7, 'Tipo de cliente', 'Tipo_cliente', 1, 1, NULL, 0),
(8, 'Universidad', 'Universidad', 1, 1, NULL, 0),
(9, 'Tesis', '#', 0, 3, 'icon-folder3', 0),
(10, 'Ficha de Enfoque', 'Ficha_enfoque', 9, 2, NULL, 0),
(11, 'Fase', 'Fase', 1, 1, NULL, 0),
(12, 'Subfase', 'Subfase', 1, 1, NULL, 0),
(13, 'Asignacion de Tiempo', 'Subfase_tiempo', 1, 1, NULL, 0),
(14, 'Pagos', 'Pagos', 38, 1, '', 0),
(15, 'Seguridad', '#', 0, 6, 'security', 1),
(18, 'Produccion', '#', 0, 5, 'icon-windows2', 0),
(19, 'Asesor', '#', 0, 6, 'icon-users4', 0),
(20, 'Modulos', 'Modulo', 15, 1, NULL, 1),
(21, 'Permisos', 'Permisos_c', 15, 1, NULL, 0),
(22, 'Usuario', 'Usuario', 15, 1, '', 1),
(23, 'Documentos', 'Documentos_c', 18, 1, 'icon-file-word', 0),
(24, 'Perfil', 'Perfiles', 15, 1, 'icon-user-check', 1),
(25, 'Horario', 'Horario', 9, 1, NULL, 0),
(26, 'Captacion', 'Captacion', 1, 1, NULL, 0),
(27, 'Enfoque', 'Enfoque', 1, 1, NULL, 0),
(28, 'Reportes', '#', 0, 10, '  icon-box-add', 0),
(29, 'Trabajos Generales ', 'Trabajos_generales', 28, NULL, '', 0),
(30, 'Pagos', 'Pagos_c', 28, NULL, '', 0),
(31, 'Morosos', 'Moroso', 28, NULL, '', 0),
(32, 'Contabilidad', '#', 0, 7, ' icon-calculator', 0),
(33, 'Boletas y Facturas', 'Boletas', 32, NULL, '', 0),
(34, 'Tabulacion', 'Tabulacion', 18, NULL, '.', 0),
(35, 'App', 'Android', 0, 8, '· icon-android', 0),
(36, 'Android', 'Android', 35, NULL, '.', 0),
(37, 'Declaracion', 'Declaracion', 32, NULL, '.', 0),
(38, 'Caja', '#', 0, 5, 'icon-safe', 0),
(39, 'Concepto', 'Conceptos', 38, NULL, '', 0),
(40, 'Tipo de Caja', 'Tipo_caja', 38, NULL, '', 0),
(41, 'Caja Diaria', 'Sesion_caja', 38, NULL, '', 0),
(42, 'Movimiento', 'Movimiento', 38, NULL, '', 0),
(43, 'Datos de formulario', 'Nuevo_cliente', 9, NULL, '.', 0),
(44, 'Verbo', 'Verbo', 1, NULL, '', 0),
(45, 'Tipo de verbo', 'Tipo_verbo', 1, NULL, '', 0),
(46, 'Diseño de investigación', 'Diseo_investigacion', 1, NULL, '', 0),
(47, 'Observaciones', 'Observaciones', 9, NULL, '.', 0),
(48, 'Mensajes', '#', 0, 2, ' icon-bubbles9', 0),
(49, 'Mensajeria', 'Mensajeria', 48, NULL, '.', 0),
(50, 'Skype', 'Skype', 9, NULL, 'icon-skype', 0),
(51, 'Cargo', 'Cargo', 32, NULL, '.', 0),
(52, 'Costo', 'Costo', 18, NULL, '.', 0),
(53, 'Costo', 'Costo_mantenimiento', 1, NULL, '.', 0),
(54, 'Ficha Prueba', 'Ficha_prueba', 9, NULL, '', 0),
(55, 'Relacion costo', 'Relacion_costo', 1, NULL, '.', 0),
(56, 'Unidad medida', 'Unidad_medida', 1, NULL, '.', 0),
(57, 'Reporte movimiento', 'Reporte_movimiento', 38, NULL, '.', 0),
(58, 'Envio Correo', 'Envio_correo', 35, NULL, ' ', 0),
(59, 'Mantenimiento', '#', 0, NULL, 'business', 1),
(60, 'Pais', 'Pais', 59, NULL, '.', 1),
(61, 'Familia', 'Familia', 59, NULL, '', 1),
(62, 'Tribu', 'Tribu', 59, NULL, '', 1),
(63, 'Subtribu', 'Subtribu', 59, NULL, '', 1),
(64, 'Género', 'Genero', 59, NULL, '', 1),
(65, 'Estado', 'Tipo_recoleccion', 59, NULL, '', 1),
(66, 'Registro ', '#', 0, NULL, 'table_chart', 0),
(67, 'Registro Herborizacion', 'Registro', 66, NULL, '', 0),
(68, 'Reporte', '#', 0, NULL, 'folder_open', 1),
(69, 'Detalle Reporte', 'Reporte_herborizacion', 68, NULL, '', 1),
(70, 'Galeria', '#', 0, 11, 'insert_photo', 1),
(71, 'Registrar Imagen', 'Imagen', 70, NULL, '', 0),
(72, 'Graficos Reporte', 'Graficoreporte', 68, NULL, '', 1),
(73, 'Reporte persona', 'Reporte_persona', 68, NULL, '', 1),
(74, 'Fotos', 'Imagen', 70, NULL, '', 1),
(75, 'Especie', 'Especie', 59, NULL, '', 1);

-- --------------------------------------------------------

--
-- Estructura de tabla para la tabla `pais`
--

CREATE TABLE `pais` (
  `pais_id` int(11) NOT NULL,
  `pais_descripcion` varchar(255) DEFAULT NULL,
  `pais_estado` int(255) DEFAULT '1'
) ENGINE=InnoDB DEFAULT CHARSET=latin1 ROW_FORMAT=DYNAMIC;

--
-- Volcado de datos para la tabla `pais`
--

INSERT INTO `pais` (`pais_id`, `pais_descripcion`, `pais_estado`) VALUES
(1, 'Peru', 1);

-- --------------------------------------------------------

--
-- Estructura de tabla para la tabla `perfil`
--

CREATE TABLE `perfil` (
  `per_id` int(11) NOT NULL,
  `per_descripcion` varchar(50) DEFAULT NULL,
  `per_estado` int(11) DEFAULT '1',
  `observacion` varchar(255) DEFAULT NULL
) ENGINE=InnoDB DEFAULT CHARSET=latin1 ROW_FORMAT=DYNAMIC;

--
-- Volcado de datos para la tabla `perfil`
--

INSERT INTO `perfil` (`per_id`, `per_descripcion`, `per_estado`, `observacion`) VALUES
(1, 'Administrador', 1, ''),
(10, 'Tesista', 1, 'persona que se encarga de tesis');

-- --------------------------------------------------------

--
-- Estructura de tabla para la tabla `permisos`
--

CREATE TABLE `permisos` (
  `per_perfil` int(11) NOT NULL,
  `per_modulo` int(11) NOT NULL,
  `per_nuevo` int(11) DEFAULT NULL,
  `per_modificar` int(11) DEFAULT NULL,
  `per_eliminar` int(11) DEFAULT NULL,
  `per_ver` int(11) DEFAULT NULL,
  `per_imprimir` int(11) DEFAULT NULL
) ENGINE=InnoDB DEFAULT CHARSET=latin1 ROW_FORMAT=DYNAMIC;

--
-- Volcado de datos para la tabla `permisos`
--

INSERT INTO `permisos` (`per_perfil`, `per_modulo`, `per_nuevo`, `per_modificar`, `per_eliminar`, `per_ver`, `per_imprimir`) VALUES
(1, 20, 1, 1, 1, 1, 1),
(1, 22, 1, 1, 1, 1, 1),
(1, 24, 1, 1, 1, 1, 1),
(1, 60, 1, 1, 1, 1, 1),
(1, 61, 1, 1, 1, 1, 1),
(1, 62, 1, 1, 1, 1, 1),
(1, 63, 1, 1, 1, 1, 1),
(1, 64, 1, 1, 1, 1, 1),
(1, 65, 1, 1, 1, 1, 1),
(1, 69, 1, 1, 1, 1, 1),
(1, 72, 1, 1, 1, 1, 1),
(1, 73, 1, 1, 1, 1, 1),
(1, 74, 1, 1, 1, 1, 1),
(1, 75, 1, 1, 1, 1, 1),
(10, 67, 1, 1, 1, 1, 1);

-- --------------------------------------------------------

--
-- Estructura de tabla para la tabla `provincia`
--

CREATE TABLE `provincia` (
  `id_provincia` int(11) NOT NULL,
  `descripcion` varchar(255) DEFAULT NULL,
  `observacion` varchar(255) DEFAULT NULL,
  `id_departamento` int(11) DEFAULT NULL,
  `estado` int(11) DEFAULT '1'
) ENGINE=InnoDB DEFAULT CHARSET=latin1 ROW_FORMAT=DYNAMIC;

--
-- Volcado de datos para la tabla `provincia`
--

INSERT INTO `provincia` (`id_provincia`, `descripcion`, `observacion`, `id_departamento`, `estado`) VALUES
(1, 'CHACHAPOYAS ', NULL, 1, 1),
(2, 'BAGUA', NULL, 1, 1),
(3, 'BONGARA', NULL, 1, 1),
(4, 'CONDORCANQUI', NULL, 1, 1),
(5, 'LUYA', NULL, 1, 1),
(6, 'RODRIGUEZ DE MENDOZA', NULL, 1, 1),
(7, 'UTCUBAMBA', NULL, 1, 1),
(8, 'HUARAZ', NULL, 2, 1),
(9, 'AIJA', NULL, 2, 1),
(10, 'ANTONIO RAYMONDI', NULL, 2, 1),
(11, 'ASUNCION', NULL, 2, 1),
(12, 'BOLOGNESI', NULL, 2, 1),
(13, 'CARHUAZ', NULL, 2, 1),
(14, 'CARLOS FERMIN FITZCARRALD', NULL, 2, 1),
(15, 'CASMA', NULL, 2, 1),
(16, 'CORONGO', NULL, 2, 1),
(17, 'HUARI', NULL, 2, 1),
(18, 'HUARMEY', NULL, 2, 1),
(19, 'HUAYLAS', NULL, 2, 1),
(20, 'MARISCAL LUZURIAGA', NULL, 2, 1),
(21, 'OCROS', NULL, 2, 1),
(22, 'PALLASCA', NULL, 2, 1),
(23, 'POMABAMBA', NULL, 2, 1),
(24, 'RECUAY', NULL, 2, 1),
(25, 'SANTA', NULL, 2, 1),
(26, 'SIHUAS', NULL, 2, 1),
(27, 'YUNGAY', NULL, 2, 1),
(28, 'ABANCAY', NULL, 3, 1),
(29, 'ANDAHUAYLAS', NULL, 3, 1),
(30, 'ANTABAMBA', NULL, 3, 1),
(31, 'AYMARAES', NULL, 3, 1),
(32, 'COTABAMBAS', NULL, 3, 1),
(33, 'CHINCHEROS', NULL, 3, 1),
(34, 'GRAU', NULL, 3, 1),
(35, 'AREQUIPA', NULL, 4, 1),
(36, 'CAMANA', NULL, 4, 1),
(37, 'CARAVELI', NULL, 4, 1),
(38, 'CASTILLA', NULL, 4, 1),
(39, 'CAYLLOMA', NULL, 4, 1),
(40, 'CONDESUYOS', NULL, 4, 1),
(41, 'ISLAY', NULL, 4, 1),
(42, 'LA UNION', NULL, 4, 1),
(43, 'HUAMANGA', NULL, 5, 1),
(44, 'CANGALLO', NULL, 5, 1),
(45, 'HUANCA SANCOS', NULL, 5, 1),
(46, 'HUANTA', NULL, 5, 1),
(47, 'LA MAR', NULL, 5, 1),
(48, 'LUCANAS', NULL, 5, 1),
(49, 'PARINACOCHAS', NULL, 5, 1),
(50, 'PAUCAR DEL SARA SARA', NULL, 5, 1),
(51, 'SUCRE', NULL, 5, 1),
(52, 'VICTOR FAJARDO', NULL, 5, 1),
(53, 'VILCAS HUAMAN', NULL, 5, 1),
(54, 'CAJAMARCA', NULL, 6, 1),
(55, 'CAJABAMBA', NULL, 6, 1),
(56, 'CELENDIN', NULL, 6, 1),
(57, 'CHOTA ', NULL, 6, 1),
(58, 'CONTUMAZA', NULL, 6, 1),
(59, 'CUTERVO', NULL, 6, 1),
(60, 'HUALGAYOC', NULL, 6, 1),
(61, 'JAEN', NULL, 6, 1),
(62, 'SAN IGNACIO', NULL, 6, 1),
(63, 'SAN MARCOS', NULL, 6, 1),
(64, 'SAN PABLO', NULL, 6, 1),
(65, 'SANTA CRUZ', NULL, 6, 1),
(66, 'CALLAO', NULL, 7, 1),
(67, 'CUSCO', NULL, 8, 1),
(68, 'ACOMAYO', NULL, 8, 1),
(69, 'ANTA', NULL, 8, 1),
(70, 'CALCA', NULL, 8, 1),
(71, 'CANAS', NULL, 8, 1),
(72, 'CANCHIS', NULL, 8, 1),
(73, 'CHUMBIVILCAS', NULL, 8, 1),
(74, 'ESPINAR', NULL, 8, 1),
(75, 'LA CONVENCION', NULL, 8, 1),
(76, 'PARURO', NULL, 8, 1),
(77, 'PAUCARTAMBO', NULL, 8, 1),
(78, 'QUISPICANCHI', NULL, 8, 1),
(79, 'URUBAMBA', NULL, 8, 1),
(80, 'HUANCAVELICA', NULL, 9, 1),
(81, 'ACOBAMBA', NULL, 9, 1),
(82, 'ANGARAES', NULL, 9, 1),
(83, 'CASTROVIRREYNA', NULL, 9, 1),
(84, 'CHURCAMPA', NULL, 9, 1),
(85, 'HUAYTARA', NULL, 9, 1),
(86, 'TAYACAJA', NULL, 9, 1),
(87, 'HUANUCO', NULL, 10, 1),
(88, 'AMBO', NULL, 10, 1),
(89, 'DOS DE MAYO', NULL, 10, 1),
(90, 'HUACAYBAMBA', NULL, 10, 1),
(91, 'HUAMALIES', NULL, 10, 1),
(92, 'LEONCIO PRADO', NULL, 10, 1),
(93, 'MARA&Ntilde;ON', NULL, 10, 1),
(94, 'PACHITEA', NULL, 10, 1),
(95, 'PUERTO INCA', NULL, 10, 1),
(96, 'LAURICOCHA', NULL, 10, 1),
(97, 'YAROWILCA', NULL, 10, 1),
(98, 'ICA', NULL, 11, 1),
(99, 'CHINCHA', NULL, 11, 1),
(100, 'NAZCA', NULL, 11, 1),
(101, 'PALPA', NULL, 11, 1),
(102, 'PISCO', NULL, 11, 1),
(103, 'HUANCAYO', NULL, 12, 1),
(104, 'CONCEPCION', NULL, 12, 1),
(105, 'CHANCHAMAYO', NULL, 12, 1),
(106, 'JAUJA', NULL, 12, 1),
(107, 'JUNIN', NULL, 12, 1),
(108, 'SATIPO', NULL, 12, 1),
(109, 'TARMA', NULL, 12, 1),
(110, 'YAULI', NULL, 12, 1),
(111, 'CHUPACA', NULL, 12, 1),
(112, 'TRUJILLO', NULL, 13, 1),
(113, 'ASCOPE', NULL, 13, 1),
(114, 'BOLIVAR', NULL, 13, 1),
(115, 'CHEPEN', NULL, 13, 1),
(116, 'JULCAN', NULL, 13, 1),
(117, 'OTUZCO', NULL, 13, 1),
(118, 'PACASMAYO', NULL, 13, 1),
(119, 'PATAZ', NULL, 13, 1),
(120, 'SANCHEZ CARRION', NULL, 13, 1),
(121, 'SANTIAGO DE CHUCO', NULL, 13, 1),
(122, 'GRAN CHIMU', NULL, 13, 1),
(123, 'VIRU', NULL, 13, 1),
(124, 'CHICLAYO', NULL, 14, 1),
(125, 'FERRE&Ntilde;AFE', NULL, 14, 1),
(126, 'LAMBAYEQUE', NULL, 14, 1),
(127, 'LIMA', NULL, 15, 1),
(128, 'BARRANCA', NULL, 15, 1),
(129, 'CAJATAMBO', NULL, 15, 1),
(130, 'CANTA', NULL, 15, 1),
(131, 'CA&Ntilde;ETE', NULL, 15, 1),
(132, 'HUARAL', NULL, 15, 1),
(133, 'HUAROCHIRI', NULL, 15, 1),
(134, 'HUAURA', NULL, 15, 1),
(135, 'OYON', NULL, 15, 1),
(136, 'YAUYOS', NULL, 15, 1),
(137, 'MAYNAS', NULL, 16, 1),
(138, 'ALTO AMAZONAS', NULL, 16, 1),
(139, 'LORETO', NULL, 16, 1),
(140, 'MARISCAL RAMON CASTILLA', NULL, 16, 1),
(141, 'REQUENA', NULL, 16, 1),
(142, 'UCAYALI', NULL, 16, 1),
(143, 'TAMBOPATA', NULL, 17, 1),
(144, 'MANU', NULL, 17, 1),
(145, 'TAHUAMANU', NULL, 17, 1),
(146, 'MARISCAL NIETO', NULL, 18, 1),
(147, 'GENERAL SANCHEZ CERRO', NULL, 18, 1),
(148, 'ILO', NULL, 18, 1),
(149, 'PASCO', NULL, 19, 1),
(150, 'DANIEL ALCIDES CARRION', NULL, 19, 1),
(151, 'OXAPAMPA', NULL, 19, 1),
(152, 'PIURA', NULL, 20, 1),
(153, 'AYABACA', NULL, 20, 1),
(154, 'HUANCABAMBA', NULL, 20, 1),
(155, 'MORROPON', NULL, 20, 1),
(156, 'PAITA', NULL, 20, 1),
(157, 'SULLANA', NULL, 20, 1),
(158, 'TALARA', NULL, 20, 1),
(159, 'SECHURA', NULL, 20, 1),
(160, 'PUNO', NULL, 21, 1),
(161, 'AZANGARO', NULL, 21, 1),
(162, 'CARABAYA', NULL, 21, 1),
(163, 'CHUCUITO', NULL, 21, 1),
(164, 'EL COLLAO', NULL, 21, 1),
(165, 'HUANCANE', NULL, 21, 1),
(166, 'LAMPA', NULL, 21, 1),
(167, 'MELGAR', NULL, 21, 1),
(168, 'MOHO', NULL, 21, 1),
(169, 'SAN ANTONIO DE PUTINA', NULL, 21, 1),
(170, 'SAN ROMAN', NULL, 21, 1),
(171, 'SANDIA', NULL, 21, 1),
(172, 'YUNGUYO', NULL, 21, 1),
(173, 'MOYOBAMBA', NULL, 22, 1),
(174, 'BELLAVISTA', NULL, 22, 1),
(175, 'EL DORADO', NULL, 22, 1),
(176, 'HUALLAGA', NULL, 22, 1),
(177, 'LAMAS', NULL, 22, 1),
(178, 'MARISCAL CACERES', NULL, 22, 1),
(179, 'PICOTA', NULL, 22, 1),
(180, 'RIOJA', NULL, 22, 1),
(181, 'SAN MARTIN', NULL, 22, 1),
(182, 'TOCACHE', NULL, 22, 1),
(183, 'TACNA', NULL, 23, 1),
(184, 'CANDARAVE', NULL, 23, 1),
(185, 'JORGE BASADRE', NULL, 23, 1),
(186, 'TARATA', NULL, 23, 1),
(187, 'TUMBES', NULL, 24, 1),
(188, 'CONTRALMIRANTE VILLAR', NULL, 24, 1),
(189, 'ZARUMILLA', NULL, 24, 1),
(190, 'CORONEL PORTILLO', NULL, 25, 1),
(191, 'ATALAYA', NULL, 25, 1),
(192, 'PADRE ABAD', NULL, 25, 1),
(193, 'PURUS', NULL, 25, 1);

-- --------------------------------------------------------

--
-- Estructura de tabla para la tabla `registro_notificacion`
--

CREATE TABLE `registro_notificacion` (
  `registro_notificacion_id` int(11) NOT NULL,
  `registro_notificacion_fecha` date NOT NULL,
  `usu_id` int(11) DEFAULT NULL,
  `registro_notificacion_estado` int(255) DEFAULT '1'
) ENGINE=InnoDB DEFAULT CHARSET=latin1 ROW_FORMAT=COMPACT;

-- --------------------------------------------------------

--
-- Estructura de tabla para la tabla `subtribu`
--

CREATE TABLE `subtribu` (
  `subtribu_id` int(11) NOT NULL,
  `tribu_id` int(11) DEFAULT NULL,
  `subtribu_descripcion` varchar(255) DEFAULT NULL,
  `subtribu_estado` int(255) DEFAULT '1'
) ENGINE=InnoDB DEFAULT CHARSET=latin1 ROW_FORMAT=DYNAMIC;

-- --------------------------------------------------------

--
-- Estructura de tabla para la tabla `tribu`
--

CREATE TABLE `tribu` (
  `tribu_id` int(11) NOT NULL,
  `familia_id` int(11) DEFAULT NULL,
  `tribu_descripcion` varchar(255) DEFAULT NULL,
  `tribu_estado` int(255) DEFAULT '1'
) ENGINE=InnoDB DEFAULT CHARSET=latin1 ROW_FORMAT=DYNAMIC;

-- --------------------------------------------------------

--
-- Estructura de tabla para la tabla `usuario`
--

CREATE TABLE `usuario` (
  `usu_id` int(11) NOT NULL,
  `usu_usuario` varchar(50) NOT NULL,
  `usu_clave` varchar(100) DEFAULT '',
  `usu_foto` varchar(255) DEFAULT '',
  `usu_fechareg` date DEFAULT NULL,
  `usu_perfil` int(11) NOT NULL,
  `usu_estado` int(11) DEFAULT '1',
  `usu_nombre_completo` varchar(60) DEFAULT NULL
) ENGINE=InnoDB DEFAULT CHARSET=latin1 ROW_FORMAT=DYNAMIC;

--
-- Volcado de datos para la tabla `usuario`
--

INSERT INTO `usuario` (`usu_id`, `usu_usuario`, `usu_clave`, `usu_foto`, `usu_fechareg`, `usu_perfil`, `usu_estado`, `usu_nombre_completo`) VALUES
(1, 'admin', '123', '8y2r3ykite43su68j8r2.png', '0000-00-00', 1, 1, 'Alondra Santos');

--
-- Índices para tablas volcadas
--

--
-- Indices de la tabla `agenda`
--
ALTER TABLE `agenda`
  ADD PRIMARY KEY (`agenda_id`) USING BTREE,
  ADD KEY `usu_id` (`usu_id`) USING BTREE;

--
-- Indices de la tabla `carousel`
--
ALTER TABLE `carousel`
  ADD PRIMARY KEY (`carousel_id`) USING BTREE;

--
-- Indices de la tabla `clasificacion`
--
ALTER TABLE `clasificacion`
  ADD PRIMARY KEY (`clasificacion_id`) USING BTREE;

--
-- Indices de la tabla `clasificacion_herborizacion`
--
ALTER TABLE `clasificacion_herborizacion`
  ADD PRIMARY KEY (`clasificacion_id`,`herborizacion_id`) USING BTREE,
  ADD KEY `herborizacion_id` (`herborizacion_id`) USING BTREE;

--
-- Indices de la tabla `congeambiente`
--
ALTER TABLE `congeambiente`
  ADD PRIMARY KEY (`congeambiente_id`) USING BTREE;

--
-- Indices de la tabla `departamento`
--
ALTER TABLE `departamento`
  ADD PRIMARY KEY (`id_departamento`) USING BTREE;

--
-- Indices de la tabla `distrito`
--
ALTER TABLE `distrito`
  ADD PRIMARY KEY (`id_distrito`) USING BTREE,
  ADD KEY `kjsdkfj` (`id_provincia`) USING BTREE;

--
-- Indices de la tabla `especie`
--
ALTER TABLE `especie`
  ADD PRIMARY KEY (`especie_id`) USING BTREE,
  ADD KEY `genero_id` (`genero_id`) USING BTREE;

--
-- Indices de la tabla `estado_recoleccion`
--
ALTER TABLE `estado_recoleccion`
  ADD PRIMARY KEY (`estado_recoleccion_id`) USING BTREE;

--
-- Indices de la tabla `familia`
--
ALTER TABLE `familia`
  ADD PRIMARY KEY (`familia_id`) USING BTREE;

--
-- Indices de la tabla `foto`
--
ALTER TABLE `foto`
  ADD PRIMARY KEY (`foto_id`) USING BTREE,
  ADD KEY `usu_id` (`usu_id`) USING BTREE;

--
-- Indices de la tabla `genero`
--
ALTER TABLE `genero`
  ADD PRIMARY KEY (`genero_id`) USING BTREE,
  ADD KEY `subtribu_id` (`subtribu_id`) USING BTREE;

--
-- Indices de la tabla `herborizacion`
--
ALTER TABLE `herborizacion`
  ADD PRIMARY KEY (`herborizacion_id`) USING BTREE,
  ADD KEY `pais_id` (`pais_id`) USING BTREE,
  ADD KEY `estado_recoleccion_id` (`estado_recoleccion_id`) USING BTREE,
  ADD KEY `id_distrito` (`id_distrito`) USING BTREE,
  ADD KEY `genero_id` (`genero_id`) USING BTREE,
  ADD KEY `usu_id` (`usu_id`) USING BTREE,
  ADD KEY `especie_id` (`especie_id`) USING BTREE,
  ADD KEY `congeambiente_id` (`congeambiente_id`) USING BTREE;

--
-- Indices de la tabla `modulo`
--
ALTER TABLE `modulo`
  ADD PRIMARY KEY (`mod_id`) USING BTREE;

--
-- Indices de la tabla `pais`
--
ALTER TABLE `pais`
  ADD PRIMARY KEY (`pais_id`) USING BTREE;

--
-- Indices de la tabla `perfil`
--
ALTER TABLE `perfil`
  ADD PRIMARY KEY (`per_id`) USING BTREE;

--
-- Indices de la tabla `permisos`
--
ALTER TABLE `permisos`
  ADD PRIMARY KEY (`per_perfil`,`per_modulo`) USING BTREE,
  ADD KEY `fghfgh` (`per_modulo`) USING BTREE;

--
-- Indices de la tabla `provincia`
--
ALTER TABLE `provincia`
  ADD PRIMARY KEY (`id_provincia`) USING BTREE,
  ADD KEY `sasasd` (`id_departamento`) USING BTREE;

--
-- Indices de la tabla `registro_notificacion`
--
ALTER TABLE `registro_notificacion`
  ADD PRIMARY KEY (`registro_notificacion_id`,`registro_notificacion_fecha`) USING BTREE,
  ADD KEY `usu_id` (`usu_id`) USING BTREE;

--
-- Indices de la tabla `subtribu`
--
ALTER TABLE `subtribu`
  ADD PRIMARY KEY (`subtribu_id`) USING BTREE,
  ADD KEY `tribu_id` (`tribu_id`) USING BTREE;

--
-- Indices de la tabla `tribu`
--
ALTER TABLE `tribu`
  ADD PRIMARY KEY (`tribu_id`) USING BTREE,
  ADD KEY `familia_id` (`familia_id`) USING BTREE;

--
-- Indices de la tabla `usuario`
--
ALTER TABLE `usuario`
  ADD PRIMARY KEY (`usu_id`,`usu_usuario`) USING BTREE,
  ADD KEY `jhfjsjdhf` (`usu_perfil`) USING BTREE,
  ADD KEY `kfjskdjf` (`usu_nombre_completo`) USING BTREE,
  ADD KEY `usu_id` (`usu_id`) USING BTREE;

--
-- AUTO_INCREMENT de las tablas volcadas
--

--
-- AUTO_INCREMENT de la tabla `agenda`
--
ALTER TABLE `agenda`
  MODIFY `agenda_id` int(11) NOT NULL AUTO_INCREMENT;

--
-- AUTO_INCREMENT de la tabla `carousel`
--
ALTER TABLE `carousel`
  MODIFY `carousel_id` int(11) NOT NULL AUTO_INCREMENT, AUTO_INCREMENT=8;

--
-- AUTO_INCREMENT de la tabla `clasificacion`
--
ALTER TABLE `clasificacion`
  MODIFY `clasificacion_id` int(11) NOT NULL AUTO_INCREMENT, AUTO_INCREMENT=5;

--
-- AUTO_INCREMENT de la tabla `congeambiente`
--
ALTER TABLE `congeambiente`
  MODIFY `congeambiente_id` int(11) NOT NULL AUTO_INCREMENT, AUTO_INCREMENT=3;

--
-- AUTO_INCREMENT de la tabla `departamento`
--
ALTER TABLE `departamento`
  MODIFY `id_departamento` int(11) NOT NULL AUTO_INCREMENT, AUTO_INCREMENT=26;

--
-- AUTO_INCREMENT de la tabla `distrito`
--
ALTER TABLE `distrito`
  MODIFY `id_distrito` int(11) NOT NULL AUTO_INCREMENT, AUTO_INCREMENT=1840;

--
-- AUTO_INCREMENT de la tabla `especie`
--
ALTER TABLE `especie`
  MODIFY `especie_id` int(11) NOT NULL AUTO_INCREMENT, AUTO_INCREMENT=4;

--
-- AUTO_INCREMENT de la tabla `estado_recoleccion`
--
ALTER TABLE `estado_recoleccion`
  MODIFY `estado_recoleccion_id` int(11) NOT NULL AUTO_INCREMENT, AUTO_INCREMENT=3;

--
-- AUTO_INCREMENT de la tabla `familia`
--
ALTER TABLE `familia`
  MODIFY `familia_id` int(11) NOT NULL AUTO_INCREMENT, AUTO_INCREMENT=19;

--
-- AUTO_INCREMENT de la tabla `foto`
--
ALTER TABLE `foto`
  MODIFY `foto_id` int(11) NOT NULL AUTO_INCREMENT, AUTO_INCREMENT=6;

--
-- AUTO_INCREMENT de la tabla `genero`
--
ALTER TABLE `genero`
  MODIFY `genero_id` int(255) NOT NULL AUTO_INCREMENT, AUTO_INCREMENT=8;

--
-- AUTO_INCREMENT de la tabla `herborizacion`
--
ALTER TABLE `herborizacion`
  MODIFY `herborizacion_id` int(11) NOT NULL AUTO_INCREMENT, AUTO_INCREMENT=21;

--
-- AUTO_INCREMENT de la tabla `modulo`
--
ALTER TABLE `modulo`
  MODIFY `mod_id` int(11) NOT NULL AUTO_INCREMENT, AUTO_INCREMENT=76;

--
-- AUTO_INCREMENT de la tabla `pais`
--
ALTER TABLE `pais`
  MODIFY `pais_id` int(11) NOT NULL AUTO_INCREMENT, AUTO_INCREMENT=6;

--
-- AUTO_INCREMENT de la tabla `perfil`
--
ALTER TABLE `perfil`
  MODIFY `per_id` int(11) NOT NULL AUTO_INCREMENT, AUTO_INCREMENT=11;

--
-- AUTO_INCREMENT de la tabla `provincia`
--
ALTER TABLE `provincia`
  MODIFY `id_provincia` int(11) NOT NULL AUTO_INCREMENT, AUTO_INCREMENT=194;

--
-- AUTO_INCREMENT de la tabla `registro_notificacion`
--
ALTER TABLE `registro_notificacion`
  MODIFY `registro_notificacion_id` int(11) NOT NULL AUTO_INCREMENT, AUTO_INCREMENT=13;

--
-- AUTO_INCREMENT de la tabla `subtribu`
--
ALTER TABLE `subtribu`
  MODIFY `subtribu_id` int(11) NOT NULL AUTO_INCREMENT, AUTO_INCREMENT=13;

--
-- AUTO_INCREMENT de la tabla `tribu`
--
ALTER TABLE `tribu`
  MODIFY `tribu_id` int(11) NOT NULL AUTO_INCREMENT, AUTO_INCREMENT=12;

--
-- AUTO_INCREMENT de la tabla `usuario`
--
ALTER TABLE `usuario`
  MODIFY `usu_id` int(11) NOT NULL AUTO_INCREMENT, AUTO_INCREMENT=850;

--
-- Restricciones para tablas volcadas
--

--
-- Filtros para la tabla `agenda`
--
ALTER TABLE `agenda`
  ADD CONSTRAINT `agenda_ibfk_1` FOREIGN KEY (`usu_id`) REFERENCES `usuario` (`usu_id`);

--
-- Filtros para la tabla `clasificacion_herborizacion`
--
ALTER TABLE `clasificacion_herborizacion`
  ADD CONSTRAINT `clasificacion_herborizacion_ibfk_1` FOREIGN KEY (`clasificacion_id`) REFERENCES `clasificacion` (`clasificacion_id`),
  ADD CONSTRAINT `clasificacion_herborizacion_ibfk_2` FOREIGN KEY (`herborizacion_id`) REFERENCES `herborizacion` (`herborizacion_id`);

--
-- Filtros para la tabla `distrito`
--
ALTER TABLE `distrito`
  ADD CONSTRAINT `distrito_ibfk_1` FOREIGN KEY (`id_provincia`) REFERENCES `provincia` (`id_provincia`);

--
-- Filtros para la tabla `especie`
--
ALTER TABLE `especie`
  ADD CONSTRAINT `especie_ibfk_1` FOREIGN KEY (`genero_id`) REFERENCES `genero` (`genero_id`);

--
-- Filtros para la tabla `foto`
--
ALTER TABLE `foto`
  ADD CONSTRAINT `foto_ibfk_1` FOREIGN KEY (`usu_id`) REFERENCES `usuario` (`usu_id`);

--
-- Filtros para la tabla `genero`
--
ALTER TABLE `genero`
  ADD CONSTRAINT `genero_ibfk_1` FOREIGN KEY (`subtribu_id`) REFERENCES `subtribu` (`subtribu_id`);

--
-- Filtros para la tabla `herborizacion`
--
ALTER TABLE `herborizacion`
  ADD CONSTRAINT `herborizacion_ibfk_1` FOREIGN KEY (`pais_id`) REFERENCES `pais` (`pais_id`),
  ADD CONSTRAINT `herborizacion_ibfk_2` FOREIGN KEY (`estado_recoleccion_id`) REFERENCES `estado_recoleccion` (`estado_recoleccion_id`),
  ADD CONSTRAINT `herborizacion_ibfk_3` FOREIGN KEY (`id_distrito`) REFERENCES `distrito` (`id_distrito`),
  ADD CONSTRAINT `herborizacion_ibfk_5` FOREIGN KEY (`usu_id`) REFERENCES `usuario` (`usu_id`),
  ADD CONSTRAINT `herborizacion_ibfk_6` FOREIGN KEY (`especie_id`) REFERENCES `especie` (`especie_id`),
  ADD CONSTRAINT `herborizacion_ibfk_7` FOREIGN KEY (`congeambiente_id`) REFERENCES `congeambiente` (`congeambiente_id`);

--
-- Filtros para la tabla `permisos`
--
ALTER TABLE `permisos`
  ADD CONSTRAINT `permisos_ibfk_1` FOREIGN KEY (`per_modulo`) REFERENCES `modulo` (`mod_id`),
  ADD CONSTRAINT `permisos_ibfk_2` FOREIGN KEY (`per_perfil`) REFERENCES `perfil` (`per_id`);

--
-- Filtros para la tabla `provincia`
--
ALTER TABLE `provincia`
  ADD CONSTRAINT `provincia_ibfk_1` FOREIGN KEY (`id_departamento`) REFERENCES `departamento` (`id_departamento`);

--
-- Filtros para la tabla `registro_notificacion`
--
ALTER TABLE `registro_notificacion`
  ADD CONSTRAINT `registro_notificacion_ibfk_1` FOREIGN KEY (`usu_id`) REFERENCES `usuario` (`usu_id`);

--
-- Filtros para la tabla `subtribu`
--
ALTER TABLE `subtribu`
  ADD CONSTRAINT `subtribu_ibfk_1` FOREIGN KEY (`tribu_id`) REFERENCES `tribu` (`tribu_id`);

--
-- Filtros para la tabla `tribu`
--
ALTER TABLE `tribu`
  ADD CONSTRAINT `tribu_ibfk_1` FOREIGN KEY (`familia_id`) REFERENCES `familia` (`familia_id`);

--
-- Filtros para la tabla `usuario`
--
ALTER TABLE `usuario`
  ADD CONSTRAINT `usuario_ibfk_1` FOREIGN KEY (`usu_perfil`) REFERENCES `perfil` (`per_id`);
COMMIT;

/*!40101 SET CHARACTER_SET_CLIENT=@OLD_CHARACTER_SET_CLIENT */;
/*!40101 SET CHARACTER_SET_RESULTS=@OLD_CHARACTER_SET_RESULTS */;
/*!40101 SET COLLATION_CONNECTION=@OLD_COLLATION_CONNECTION */;
